# CSV_SCHEMA_V=1, FW=0.9-field-hardening, BOARD_ID=0x5CD85EDB5110, ROLE=RESPONDER, BOOT_MS=0, FREQ=2400.0, BW=406.25, SF=8, CR=7, TXPOWER=12
seq,timestamp_ms,event,rssi_dbm,state,radio_status_code
1,0,BOOT,0,BOOT,0
2,4184,READY,0,LISTENING,0
3,31786,RANGING_REQ,-150,LISTENING,0
4,32471,RANGING_REQ,-150,LISTENING,0
5,33157,RANGING_REQ,-150,LISTENING,0
6,33843,RANGING_REQ,-150,LISTENING,0
7,34529,RANGING_REQ,-150,LISTENING,0
8,35215,RANGING_REQ,-150,LISTENING,0
9,35901,RANGING_REQ,-150,LISTENING,0
10,36587,RANGING_REQ,-150,LISTENING,0
11,37273,RANGING_REQ,-150,LISTENING,0
12,37958,RANGING_REQ,-150,LISTENING,0
13,38649,RANGING_REQ,-150,LISTENING,0
14,39335,RANGING_REQ,-150,LISTENING,0
15,40021,RANGING_REQ,-150,LISTENING,0
16,40706,RANGING_REQ,-150,LISTENING,0
17,41392,RANGING_REQ,-150,LISTENING,0
18,42077,RANGING_REQ,-150,LISTENING,0
19,42763,RANGING_REQ,-150,LISTENING,0
20,43448,RANGING_REQ,-150,LISTENING,0
21,44133,RANGING_REQ,-150,LISTENING,0
22,44819,RANGING_REQ,-150,LISTENING,0
23,45509,RANGING_REQ,-150,LISTENING,0
24,46194,RANGING_REQ,-150,LISTENING,0
25,46879,RANGING_REQ,-150,LISTENING,0
26,47564,RANGING_REQ,-150,LISTENING,0
27,48249,RANGING_REQ,-150,LISTENING,0
28,48935,RANGING_REQ,-150,LISTENING,0
29,49620,RANGING_REQ,-150,LISTENING,0
30,50305,RANGING_REQ,-150,LISTENING,0
31,50991,RANGING_REQ,-150,LISTENING,0
32,51677,RANGING_REQ,-150,LISTENING,0
33,52367,RANGING_REQ,-150,LISTENING,0
34,53052,RANGING_REQ,-150,LISTENING,0
35,53738,RANGING_REQ,-150,LISTENING,0
36,54423,RANGING_REQ,-150,LISTENING,0
37,55108,RANGING_REQ,-150,LISTENING,0
38,55794,RANGING_REQ,-150,LISTENING,0
39,56480,RANGING_REQ,-150,LISTENING,0
40,57166,RANGING_REQ,-150,LISTENING,0
41,57851,RANGING_REQ,-150,LISTENING,0
42,58537,RANGING_REQ,-150,LISTENING,0
43,59228,RANGING_REQ,-150,LISTENING,0
44,59914,RANGING_REQ,-150,LISTENING,0
45,60600,RANGING_REQ,-150,LISTENING,0
46,61286,RANGING_REQ,-150,LISTENING,0
47,61972,RANGING_REQ,-150,LISTENING,0
48,62658,RANGING_REQ,-150,LISTENING,0
49,63344,RANGING_REQ,-150,LISTENING,0
50,64030,RANGING_REQ,-150,LISTENING,0
51,64716,RANGING_REQ,-150,LISTENING,0
52,65402,RANGING_REQ,-150,LISTENING,0
53,66093,RANGING_REQ,-150,LISTENING,0
54,66779,RANGING_REQ,-150,LISTENING,0
55,67465,RANGING_REQ,-150,LISTENING,0
56,68151,RANGING_REQ,-150,LISTENING,0
57,68837,RANGING_REQ,-150,LISTENING,0
58,69523,RANGING_REQ,-150,LISTENING,0
59,70209,RANGING_REQ,-150,LISTENING,0
60,70895,RANGING_REQ,-150,LISTENING,0
61,71581,RANGING_REQ,-150,LISTENING,0
62,72267,RANGING_REQ,-150,LISTENING,0
63,72958,RANGING_REQ,-150,LISTENING,0
64,73644,RANGING_REQ,-150,LISTENING,0
65,74330,RANGING_REQ,-150,LISTENING,0
66,75016,RANGING_REQ,-150,LISTENING,0
67,75702,RANGING_REQ,-150,LISTENING,0
68,76388,RANGING_REQ,-150,LISTENING,0
69,77074,RANGING_REQ,-150,LISTENING,0
70,77761,RANGING_REQ,-150,LISTENING,0
71,78447,RANGING_REQ,-150,LISTENING,0
72,79133,RANGING_REQ,-150,LISTENING,0
73,79824,RANGING_REQ,-150,LISTENING,0
74,80510,RANGING_REQ,-150,LISTENING,0
75,81196,RANGING_REQ,-150,LISTENING,0
76,81882,RANGING_REQ,-150,LISTENING,0
77,82568,RANGING_REQ,-150,LISTENING,0
78,83254,RANGING_REQ,-150,LISTENING,0
79,83940,RANGING_REQ,-150,LISTENING,0
80,84626,RANGING_REQ,-150,LISTENING,0
81,85312,RANGING_REQ,-150,LISTENING,0
82,85998,RANGING_REQ,-150,LISTENING,0
83,86689,RANGING_REQ,-150,LISTENING,0
84,87375,RANGING_REQ,-150,LISTENING,0
85,88061,RANGING_REQ,-150,LISTENING,0
86,88747,RANGING_REQ,-150,LISTENING,0
87,89433,RANGING_REQ,-150,LISTENING,0
88,90119,RANGING_REQ,-150,LISTENING,0
89,90805,RANGING_REQ,-150,LISTENING,0
90,91491,RANGING_REQ,-150,LISTENING,0
91,92177,RANGING_REQ,-150,LISTENING,0
92,92863,RANGING_REQ,-150,LISTENING,0
93,93553,RANGING_REQ,-150,LISTENING,0
94,94239,RANGING_REQ,-150,LISTENING,0
95,94925,RANGING_REQ,-150,LISTENING,0
96,95611,RANGING_REQ,-150,LISTENING,0
97,96297,RANGING_REQ,-150,LISTENING,0
98,96983,RANGING_REQ,-150,LISTENING,0
99,97669,RANGING_REQ,-150,LISTENING,0
100,98355,RANGING_REQ,-150,LISTENING,0
101,99041,RANGING_REQ,-150,LISTENING,0
102,99727,RANGING_REQ,-150,LISTENING,0
103,100418,RANGING_REQ,-150,LISTENING,0
104,154065,RANGING_REQ,-150,LISTENING,0
105,154750,RANGING_REQ,-150,LISTENING,0
106,155436,RANGING_REQ,-150,LISTENING,0
107,156121,RANGING_REQ,-150,LISTENING,0
108,156807,RANGING_REQ,-150,LISTENING,0
109,157493,RANGING_REQ,-150,LISTENING,0
110,158179,RANGING_REQ,-150,LISTENING,0
111,158864,RANGING_REQ,-150,LISTENING,0
112,159550,RANGING_REQ,-150,LISTENING,0
113,160236,RANGING_REQ,-150,LISTENING,0
114,160927,RANGING_REQ,-150,LISTENING,0
115,161613,RANGING_REQ,-150,LISTENING,0
116,162299,RANGING_REQ,-150,LISTENING,0
117,162986,RANGING_REQ,-150,LISTENING,0
118,163672,RANGING_REQ,-150,LISTENING,0
119,164358,RANGING_REQ,-150,LISTENING,0
120,165044,RANGING_REQ,-150,LISTENING,0
121,165730,RANGING_REQ,-150,LISTENING,0
122,166416,RANGING_REQ,-150,LISTENING,0
123,167102,RANGING_REQ,-150,LISTENING,0
124,167793,RANGING_REQ,-150,LISTENING,0
125,168479,RANGING_REQ,-150,LISTENING,0
126,169165,RANGING_REQ,-150,LISTENING,0
127,169851,RANGING_REQ,-150,LISTENING,0
128,170537,RANGING_REQ,-150,LISTENING,0
129,171223,RANGING_REQ,-150,LISTENING,0
130,171908,RANGING_REQ,-150,LISTENING,0
131,172594,RANGING_REQ,-150,LISTENING,0
132,173280,RANGING_REQ,-150,LISTENING,0
133,173966,RANGING_REQ,-150,LISTENING,0
134,174656,RANGING_REQ,-150,LISTENING,0
135,175342,RANGING_REQ,-150,LISTENING,0
136,176028,RANGING_REQ,-150,LISTENING,0
137,176714,RANGING_REQ,-150,LISTENING,0
138,177399,RANGING_REQ,-150,LISTENING,0
139,178085,RANGING_REQ,-150,LISTENING,0
140,178771,RANGING_REQ,-150,LISTENING,0
141,179457,RANGING_REQ,-150,LISTENING,0
142,180143,RANGING_REQ,-150,LISTENING,0
143,180829,RANGING_REQ,-150,LISTENING,0
144,181520,RANGING_REQ,-150,LISTENING,0
145,182205,RANGING_REQ,-150,LISTENING,0
146,182891,RANGING_REQ,-150,LISTENING,0
147,183577,RANGING_REQ,-150,LISTENING,0
148,184263,RANGING_REQ,-150,LISTENING,0
149,184949,RANGING_REQ,-150,LISTENING,0
150,185635,RANGING_REQ,-150,LISTENING,0
151,186320,RANGING_REQ,-150,LISTENING,0
152,187006,RANGING_REQ,-150,LISTENING,0
153,187692,RANGING_REQ,-150,LISTENING,0
154,188382,RANGING_REQ,-150,LISTENING,0
155,189068,RANGING_REQ,-150,LISTENING,0
156,189754,RANGING_REQ,-150,LISTENING,0
157,190440,RANGING_REQ,-150,LISTENING,0
158,191126,RANGING_REQ,-150,LISTENING,0
159,191812,RANGING_REQ,-150,LISTENING,0
160,192498,RANGING_REQ,-150,LISTENING,0
161,193184,RANGING_REQ,-150,LISTENING,0
162,193870,RANGING_REQ,-150,LISTENING,0
163,194556,RANGING_REQ,-150,LISTENING,0
164,195246,RANGING_REQ,-150,LISTENING,0
165,195932,RANGING_REQ,-150,LISTENING,0
166,196618,RANGING_REQ,-150,LISTENING,0
167,197304,RANGING_REQ,-150,LISTENING,0
168,197990,RANGING_REQ,-150,LISTENING,0
169,198676,RANGING_REQ,-150,LISTENING,0
170,199362,RANGING_REQ,-150,LISTENING,0
171,200048,RANGING_REQ,-150,LISTENING,0
172,200734,RANGING_REQ,-150,LISTENING,0
173,201420,RANGING_REQ,-150,LISTENING,0
174,202111,RANGING_REQ,-150,LISTENING,0
175,202797,RANGING_REQ,-150,LISTENING,0
176,203484,RANGING_REQ,-150,LISTENING,0
177,204170,RANGING_REQ,-150,LISTENING,0
178,204856,RANGING_REQ,-150,LISTENING,0
179,205542,RANGING_REQ,-150,LISTENING,0
180,206228,RANGING_REQ,-150,LISTENING,0
181,206914,RANGING_REQ,-150,LISTENING,0
182,207600,RANGING_REQ,-150,LISTENING,0
183,208286,RANGING_REQ,-150,LISTENING,0
184,208976,RANGING_REQ,-150,LISTENING,0
185,209662,RANGING_REQ,-150,LISTENING,0
186,210348,RANGING_REQ,-150,LISTENING,0
187,211034,RANGING_REQ,-150,LISTENING,0
188,211720,RANGING_REQ,-150,LISTENING,0
189,212407,RANGING_REQ,-150,LISTENING,0
190,213093,RANGING_REQ,-150,LISTENING,0
191,213779,RANGING_REQ,-150,LISTENING,0
192,214465,RANGING_REQ,-150,LISTENING,0
193,215151,RANGING_REQ,-150,LISTENING,0
194,215841,RANGING_REQ,-150,LISTENING,0
195,216527,RANGING_REQ,-150,LISTENING,0
196,217213,RANGING_REQ,-150,LISTENING,0
197,217899,RANGING_REQ,-150,LISTENING,0
198,218585,RANGING_REQ,-150,LISTENING,0
199,219271,RANGING_REQ,-150,LISTENING,0
200,219957,RANGING_REQ,-150,LISTENING,0
201,220643,RANGING_REQ,-150,LISTENING,0
202,380043,RANGING_REQ,-150,LISTENING,0
203,380729,RANGING_REQ,-150,LISTENING,0
204,381414,RANGING_REQ,-150,LISTENING,0
205,382100,RANGING_REQ,-150,LISTENING,0
206,382786,RANGING_REQ,-150,LISTENING,0
207,383472,RANGING_REQ,-150,LISTENING,0
208,384159,RANGING_REQ,-150,LISTENING,0
209,384845,RANGING_REQ,-150,LISTENING,0
210,385531,RANGING_REQ,-150,LISTENING,0
211,386217,RANGING_REQ,-150,LISTENING,0
212,386908,RANGING_REQ,-150,LISTENING,0
213,387594,RANGING_REQ,-150,LISTENING,0
214,388280,RANGING_REQ,-150,LISTENING,0
215,388966,RANGING_REQ,-150,LISTENING,0
216,389652,RANGING_REQ,-150,LISTENING,0
217,390338,RANGING_REQ,-150,LISTENING,0
218,391024,RANGING_REQ,-150,LISTENING,0
219,391710,RANGING_REQ,-150,LISTENING,0
220,392396,RANGING_REQ,-150,LISTENING,0
221,393082,RANGING_REQ,-150,LISTENING,0
222,393773,RANGING_REQ,-150,LISTENING,0
223,394459,RANGING_REQ,-150,LISTENING,0
224,395145,RANGING_REQ,-150,LISTENING,0
225,395831,RANGING_REQ,-150,LISTENING,0
226,396516,RANGING_REQ,-150,LISTENING,0
227,397202,RANGING_REQ,-150,LISTENING,0
228,397888,RANGING_REQ,-150,LISTENING,0
229,398574,RANGING_REQ,-150,LISTENING,0
230,399260,RANGING_REQ,-150,LISTENING,0
231,399946,RANGING_REQ,-150,LISTENING,0
232,400636,RANGING_REQ,-150,LISTENING,0
233,401322,RANGING_REQ,-150,LISTENING,0
234,402008,RANGING_REQ,-150,LISTENING,0
235,402694,RANGING_REQ,-150,LISTENING,0
236,403380,RANGING_REQ,-150,LISTENING,0
237,404066,RANGING_REQ,-150,LISTENING,0
238,404752,RANGING_REQ,-150,LISTENING,0
239,405438,RANGING_REQ,-150,LISTENING,0
240,406124,RANGING_REQ,-150,LISTENING,0
241,406811,RANGING_REQ,-150,LISTENING,0
242,407502,RANGING_REQ,-150,LISTENING,0
243,408188,RANGING_REQ,-150,LISTENING,0
244,408874,RANGING_REQ,-150,LISTENING,0
245,409560,RANGING_REQ,-150,LISTENING,0
246,410246,RANGING_REQ,-150,LISTENING,0
247,410932,RANGING_REQ,-150,LISTENING,0
248,411618,RANGING_REQ,-150,LISTENING,0
249,412305,RANGING_REQ,-150,LISTENING,0
250,412990,RANGING_REQ,-150,LISTENING,0
251,413676,RANGING_REQ,-150,LISTENING,0
252,414368,RANGING_REQ,-150,LISTENING,0
253,415054,RANGING_REQ,-150,LISTENING,0
254,415740,RANGING_REQ,-150,LISTENING,0
255,416426,RANGING_REQ,-150,LISTENING,0
256,417112,RANGING_REQ,-150,LISTENING,0
257,417798,RANGING_REQ,-150,LISTENING,0
258,418484,RANGING_REQ,-150,LISTENING,0
259,419170,RANGING_REQ,-150,LISTENING,0
260,419856,RANGING_REQ,-150,LISTENING,0
261,420542,RANGING_REQ,-150,LISTENING,0
262,421233,RANGING_REQ,-150,LISTENING,0
263,421919,RANGING_REQ,-150,LISTENING,0
264,422605,RANGING_REQ,-150,LISTENING,0
265,423291,RANGING_REQ,-150,LISTENING,0
266,423977,RANGING_REQ,-150,LISTENING,0
267,424663,RANGING_REQ,-150,LISTENING,0
268,425349,RANGING_REQ,-150,LISTENING,0
269,426035,RANGING_REQ,-150,LISTENING,0
270,426721,RANGING_REQ,-150,LISTENING,0
271,427407,RANGING_REQ,-150,LISTENING,0
272,428097,RANGING_REQ,-150,LISTENING,0
273,428783,RANGING_REQ,-150,LISTENING,0
274,429469,RANGING_REQ,-150,LISTENING,0
275,430155,RANGING_REQ,-150,LISTENING,0
276,430841,RANGING_REQ,-150,LISTENING,0
277,431527,RANGING_REQ,-150,LISTENING,0
278,432213,RANGING_REQ,-150,LISTENING,0
279,432899,RANGING_REQ,-150,LISTENING,0
280,433585,RANGING_REQ,-150,LISTENING,0
281,434270,RANGING_REQ,-150,LISTENING,0
282,434961,RANGING_REQ,-150,LISTENING,0
283,435647,RANGING_REQ,-150,LISTENING,0
284,436333,RANGING_REQ,-150,LISTENING,0
285,437019,RANGING_REQ,-150,LISTENING,0
286,437705,RANGING_REQ,-150,LISTENING,0
287,438391,RANGING_REQ,-150,LISTENING,0
288,439077,RANGING_REQ,-150,LISTENING,0
289,439763,RANGING_REQ,-150,LISTENING,0
290,440449,RANGING_REQ,-150,LISTENING,0
291,441135,RANGING_REQ,-150,LISTENING,0
292,441826,RANGING_REQ,-150,LISTENING,0
293,442511,RANGING_REQ,-150,LISTENING,0
294,443197,RANGING_REQ,-150,LISTENING,0
295,443883,RANGING_REQ,-150,LISTENING,0
296,444568,RANGING_REQ,-150,LISTENING,0
297,445254,RANGING_REQ,-150,LISTENING,0
298,445940,RANGING_REQ,-150,LISTENING,0
299,446626,RANGING_REQ,-150,LISTENING,0
300,447312,RANGING_REQ,-150,LISTENING,0
301,740588,RANGING_REQ,-150,LISTENING,0
302,741274,RANGING_REQ,-150,LISTENING,0
303,741960,RANGING_REQ,-150,LISTENING,0
304,742646,RANGING_REQ,-150,LISTENING,0
305,743332,RANGING_REQ,-150,LISTENING,0
306,744018,RANGING_REQ,-150,LISTENING,0
307,744704,RANGING_REQ,-150,LISTENING,0
308,745390,RANGING_REQ,-150,LISTENING,0
309,746076,RANGING_REQ,-150,LISTENING,0
310,746762,RANGING_REQ,-150,LISTENING,0
311,747453,RANGING_REQ,-150,LISTENING,0
312,748139,RANGING_REQ,-150,LISTENING,0
313,748826,RANGING_REQ,-150,LISTENING,0
314,749512,RANGING_REQ,-150,LISTENING,0
315,750198,RANGING_REQ,-150,LISTENING,0
316,750884,RANGING_REQ,-150,LISTENING,0
317,751570,RANGING_REQ,-150,LISTENING,0
318,752256,RANGING_REQ,-150,LISTENING,0
319,752942,RANGING_REQ,-150,LISTENING,0
320,753627,RANGING_REQ,-150,LISTENING,0
321,754318,RANGING_REQ,-150,LISTENING,0
322,755004,RANGING_REQ,-150,LISTENING,0
323,755689,RANGING_REQ,-150,LISTENING,0
324,756375,RANGING_REQ,-150,LISTENING,0
325,757061,RANGING_REQ,-150,LISTENING,0
326,757747,RANGING_REQ,-150,LISTENING,0
327,758433,RANGING_REQ,-150,LISTENING,0
328,759118,RANGING_REQ,-150,LISTENING,0
329,759804,RANGING_REQ,-150,LISTENING,0
330,760490,RANGING_REQ,-150,LISTENING,0
331,761181,RANGING_REQ,-150,LISTENING,0
332,761866,RANGING_REQ,-150,LISTENING,0
333,762551,RANGING_REQ,-150,LISTENING,0
334,763237,RANGING_REQ,-150,LISTENING,0
335,763922,RANGING_REQ,-150,LISTENING,0
336,764608,RANGING_REQ,-150,LISTENING,0
337,765294,RANGING_REQ,-150,LISTENING,0
338,765980,RANGING_REQ,-150,LISTENING,0
339,766666,RANGING_REQ,-150,LISTENING,0
340,767351,RANGING_REQ,-150,LISTENING,0
341,768042,RANGING_REQ,-150,LISTENING,0
342,768728,RANGING_REQ,-150,LISTENING,0
343,769413,RANGING_REQ,-150,LISTENING,0
344,770098,RANGING_REQ,-150,LISTENING,0
345,770784,RANGING_REQ,-150,LISTENING,0
346,771469,RANGING_REQ,-150,LISTENING,0
347,772155,RANGING_REQ,-150,LISTENING,0
348,772840,RANGING_REQ,-150,LISTENING,0
349,773525,RANGING_REQ,-150,LISTENING,0
350,774211,RANGING_REQ,-150,LISTENING,0
351,774901,RANGING_REQ,-150,LISTENING,0
352,775586,RANGING_REQ,-150,LISTENING,0
353,776272,RANGING_REQ,-150,LISTENING,0
354,776957,RANGING_REQ,-150,LISTENING,0
355,777643,RANGING_REQ,-150,LISTENING,0
356,778328,RANGING_REQ,-150,LISTENING,0
357,779013,RANGING_REQ,-150,LISTENING,0
358,779699,RANGING_REQ,-150,LISTENING,0
359,780384,RANGING_REQ,-150,LISTENING,0
360,781070,RANGING_REQ,-150,LISTENING,0
361,781760,RANGING_REQ,-150,LISTENING,0
362,782445,RANGING_REQ,-150,LISTENING,0
363,783130,RANGING_REQ,-150,LISTENING,0
364,783816,RANGING_REQ,-150,LISTENING,0
365,784501,RANGING_REQ,-150,LISTENING,0
366,785187,RANGING_REQ,-150,LISTENING,0
367,785872,RANGING_REQ,-150,LISTENING,0
368,786558,RANGING_REQ,-150,LISTENING,0
369,787243,RANGING_REQ,-150,LISTENING,0
370,787929,RANGING_REQ,-150,LISTENING,0
371,788619,RANGING_REQ,-150,LISTENING,0
372,789305,RANGING_REQ,-150,LISTENING,0
373,789990,RANGING_REQ,-150,LISTENING,0
374,790676,RANGING_REQ,-150,LISTENING,0
375,791361,RANGING_REQ,-150,LISTENING,0
376,853674,RANGING_REQ,-150,LISTENING,0
377,854360,RANGING_REQ,-150,LISTENING,0
378,855046,RANGING_REQ,-150,LISTENING,0
379,855732,RANGING_REQ,-150,LISTENING,0
380,856418,RANGING_REQ,-150,LISTENING,0
381,857104,RANGING_REQ,-150,LISTENING,0
382,857790,RANGING_REQ,-150,LISTENING,0
383,858477,RANGING_REQ,-150,LISTENING,0
384,859162,RANGING_REQ,-150,LISTENING,0
385,859848,RANGING_REQ,-150,LISTENING,0
386,860539,RANGING_REQ,-150,LISTENING,0
387,861225,RANGING_REQ,-150,LISTENING,0
388,861911,RANGING_REQ,-150,LISTENING,0
389,862597,RANGING_REQ,-150,LISTENING,0
390,863283,RANGING_REQ,-150,LISTENING,0
391,863969,RANGING_REQ,-150,LISTENING,0
392,864655,RANGING_REQ,-150,LISTENING,0
393,865341,RANGING_REQ,-150,LISTENING,0
394,866027,RANGING_REQ,-150,LISTENING,0
395,866712,RANGING_REQ,-150,LISTENING,0
396,867403,RANGING_REQ,-150,LISTENING,0
397,868089,RANGING_REQ,-150,LISTENING,0
398,868775,RANGING_REQ,-150,LISTENING,0
399,869461,RANGING_REQ,-150,LISTENING,0
400,870147,RANGING_REQ,-150,LISTENING,0
401,870833,RANGING_REQ,-150,LISTENING,0
402,871519,RANGING_REQ,-150,LISTENING,0
403,872205,RANGING_REQ,-150,LISTENING,0
404,872891,RANGING_REQ,-150,LISTENING,0
405,873577,RANGING_REQ,-150,LISTENING,0
406,874268,RANGING_REQ,-150,LISTENING,0
407,874954,RANGING_REQ,-150,LISTENING,0
408,875640,RANGING_REQ,-150,LISTENING,0
409,876326,RANGING_REQ,-150,LISTENING,0
410,877012,RANGING_REQ,-150,LISTENING,0
411,877698,RANGING_REQ,-150,LISTENING,0
412,878385,RANGING_REQ,-150,LISTENING,0
413,879071,RANGING_REQ,-150,LISTENING,0
414,879757,RANGING_REQ,-150,LISTENING,0
415,880443,RANGING_REQ,-150,LISTENING,0
416,881134,RANGING_REQ,-150,LISTENING,0
417,881820,RANGING_REQ,-150,LISTENING,0
418,882506,RANGING_REQ,-150,LISTENING,0
419,883192,RANGING_REQ,-150,LISTENING,0
420,883878,RANGING_REQ,-150,LISTENING,0
421,884564,RANGING_REQ,-150,LISTENING,0
422,885250,RANGING_REQ,-150,LISTENING,0
423,885936,RANGING_REQ,-150,LISTENING,0
424,886622,RANGING_REQ,-150,LISTENING,0
425,887308,RANGING_REQ,-150,LISTENING,0
426,887999,RANGING_REQ,-150,LISTENING,0
427,888685,RANGING_REQ,-150,LISTENING,0
428,889371,RANGING_REQ,-150,LISTENING,0
429,890057,RANGING_REQ,-150,LISTENING,0
430,890743,RANGING_REQ,-150,LISTENING,0
431,891428,RANGING_REQ,-150,LISTENING,0
432,892114,RANGING_REQ,-150,LISTENING,0
433,892800,RANGING_REQ,-150,LISTENING,0
434,893486,RANGING_REQ,-150,LISTENING,0
435,894172,RANGING_REQ,-150,LISTENING,0
436,894862,RANGING_REQ,-150,LISTENING,0
437,895548,RANGING_REQ,-150,LISTENING,0
438,896234,RANGING_REQ,-150,LISTENING,0
439,896920,RANGING_REQ,-150,LISTENING,0
440,897606,RANGING_REQ,-150,LISTENING,0
441,898292,RANGING_REQ,-150,LISTENING,0
442,898978,RANGING_REQ,-150,LISTENING,0
443,899664,RANGING_REQ,-150,LISTENING,0
444,900350,RANGING_REQ,-150,LISTENING,0
445,901036,RANGING_REQ,-150,LISTENING,0
446,901726,RANGING_REQ,-150,LISTENING,0
447,902412,RANGING_REQ,-150,LISTENING,0
448,903097,RANGING_REQ,-150,LISTENING,0
449,903783,RANGING_REQ,-150,LISTENING,0
450,904469,RANGING_REQ,-150,LISTENING,0
451,905155,RANGING_REQ,-150,LISTENING,0
452,905841,RANGING_REQ,-150,LISTENING,0
453,906526,RANGING_REQ,-150,LISTENING,0
454,907212,RANGING_REQ,-150,LISTENING,0
455,907898,RANGING_REQ,-150,LISTENING,0
456,908588,RANGING_REQ,-150,LISTENING,0
457,909273,RANGING_REQ,-150,LISTENING,0
458,909959,RANGING_REQ,-150,LISTENING,0
459,910644,RANGING_REQ,-150,LISTENING,0
460,911329,RANGING_REQ,-150,LISTENING,0
461,912015,RANGING_REQ,-150,LISTENING,0
462,912700,RANGING_REQ,-150,LISTENING,0
463,913386,RANGING_REQ,-150,LISTENING,0
464,914071,RANGING_REQ,-150,LISTENING,0
465,914756,RANGING_REQ,-150,LISTENING,0
466,915447,RANGING_REQ,-150,LISTENING,0
467,916132,RANGING_REQ,-150,LISTENING,0
468,916817,RANGING_REQ,-150,LISTENING,0
469,917503,RANGING_REQ,-150,LISTENING,0
470,918189,RANGING_REQ,-150,LISTENING,0
471,918874,RANGING_REQ,-150,LISTENING,0
472,919559,RANGING_REQ,-150,LISTENING,0
473,920245,RANGING_REQ,-150,LISTENING,0
474,986585,RANGING_REQ,-150,LISTENING,0
475,987271,RANGING_REQ,-150,LISTENING,0
476,987956,RANGING_REQ,-150,LISTENING,0
477,988642,RANGING_REQ,-150,LISTENING,0
478,989328,RANGING_REQ,-150,LISTENING,0
479,990014,RANGING_REQ,-150,LISTENING,0
480,990700,RANGING_REQ,-150,LISTENING,0
481,991386,RANGING_REQ,-150,LISTENING,0
482,992072,RANGING_REQ,-150,LISTENING,0
483,992758,RANGING_REQ,-150,LISTENING,0
484,993449,RANGING_REQ,-150,LISTENING,0
485,994135,RANGING_REQ,-150,LISTENING,0
486,994821,RANGING_REQ,-150,LISTENING,0
487,995507,RANGING_REQ,-150,LISTENING,0
488,996193,RANGING_REQ,-150,LISTENING,0
489,996879,RANGING_REQ,-150,LISTENING,0
490,997565,RANGING_REQ,-150,LISTENING,0
491,998251,RANGING_REQ,-150,LISTENING,0
492,998937,RANGING_REQ,-150,LISTENING,0
493,999623,RANGING_REQ,-150,LISTENING,0
494,1000314,RANGING_REQ,-150,LISTENING,0
495,1001000,RANGING_REQ,-150,LISTENING,0
496,1001686,RANGING_REQ,-150,LISTENING,0
497,1002372,RANGING_REQ,-150,LISTENING,0
498,1003057,RANGING_REQ,-150,LISTENING,0
499,1003743,RANGING_REQ,-150,LISTENING,0
500,1004429,RANGING_REQ,-150,LISTENING,0
501,1005115,RANGING_REQ,-150,LISTENING,0
502,1005801,RANGING_REQ,-150,LISTENING,0
503,1054881,RANGING_REQ,-150,LISTENING,0
504,1055567,RANGING_REQ,-150,LISTENING,0
505,1056253,RANGING_REQ,-150,LISTENING,0
506,1056939,RANGING_REQ,-150,LISTENING,0
507,1057625,RANGING_REQ,-150,LISTENING,0
508,1058311,RANGING_REQ,-150,LISTENING,0
509,1058997,RANGING_REQ,-150,LISTENING,0
510,1059683,RANGING_REQ,-150,LISTENING,0
511,1060369,RANGING_REQ,-150,LISTENING,0
512,1061055,RANGING_REQ,-150,LISTENING,0
513,1061745,RANGING_REQ,-150,LISTENING,0
514,1062431,RANGING_REQ,-150,LISTENING,0
515,1063118,RANGING_REQ,-150,LISTENING,0
516,1063804,RANGING_REQ,-150,LISTENING,0
517,1064490,RANGING_REQ,-150,LISTENING,0
518,1065176,RANGING_REQ,-150,LISTENING,0
519,1065862,RANGING_REQ,-150,LISTENING,0
520,1066548,RANGING_REQ,-150,LISTENING,0
521,1067234,RANGING_REQ,-150,LISTENING,0
522,1067920,RANGING_REQ,-150,LISTENING,0
523,1068611,RANGING_REQ,-150,LISTENING,0
524,1069298,RANGING_REQ,-150,LISTENING,0
525,1069984,RANGING_REQ,-150,LISTENING,0
526,1070670,RANGING_REQ,-150,LISTENING,0
527,1071356,RANGING_REQ,-150,LISTENING,0
528,1072042,RANGING_REQ,-150,LISTENING,0
529,1072728,RANGING_REQ,-150,LISTENING,0
530,1073414,RANGING_REQ,-150,LISTENING,0
531,1074100,RANGING_REQ,-150,LISTENING,0
532,1074786,RANGING_REQ,-150,LISTENING,0
533,1075477,RANGING_REQ,-150,LISTENING,0
534,1076163,RANGING_REQ,-150,LISTENING,0
535,1076849,RANGING_REQ,-150,LISTENING,0
536,1077535,RANGING_REQ,-150,LISTENING,0
537,1078221,RANGING_REQ,-150,LISTENING,0
538,1078907,RANGING_REQ,-150,LISTENING,0
539,1079593,RANGING_REQ,-150,LISTENING,0
540,1080279,RANGING_REQ,-150,LISTENING,0
541,1080965,RANGING_REQ,-150,LISTENING,0
542,1081650,RANGING_REQ,-150,LISTENING,0
543,1082340,RANGING_REQ,-150,LISTENING,0
544,1083026,RANGING_REQ,-150,LISTENING,0
545,1083711,RANGING_REQ,-150,LISTENING,0
546,1084397,RANGING_REQ,-150,LISTENING,0
547,1085083,RANGING_REQ,-150,LISTENING,0
548,1085768,RANGING_REQ,-150,LISTENING,0
549,1086454,RANGING_REQ,-150,LISTENING,0
550,1087140,RANGING_REQ,-150,LISTENING,0
551,1087826,RANGING_REQ,-150,LISTENING,0
552,1088512,RANGING_REQ,-150,LISTENING,0
553,1089203,RANGING_REQ,-150,LISTENING,0
554,1089888,RANGING_REQ,-150,LISTENING,0
555,1090574,RANGING_REQ,-150,LISTENING,0
556,1091260,RANGING_REQ,-150,LISTENING,0
557,1091946,RANGING_REQ,-150,LISTENING,0
558,1092632,RANGING_REQ,-150,LISTENING,0
559,1093317,RANGING_REQ,-150,LISTENING,0
560,1094003,RANGING_REQ,-150,LISTENING,0
561,1094688,RANGING_REQ,-150,LISTENING,0
562,1095374,RANGING_REQ,-150,LISTENING,0
563,1096064,RANGING_REQ,-150,LISTENING,0
564,1096750,RANGING_REQ,-150,LISTENING,0
565,1097435,RANGING_REQ,-150,LISTENING,0
566,1098120,RANGING_REQ,-150,LISTENING,0
567,1098806,RANGING_REQ,-150,LISTENING,0
568,1099491,RANGING_REQ,-150,LISTENING,0
569,1100177,RANGING_REQ,-150,LISTENING,0
570,1100862,RANGING_REQ,-150,LISTENING,0
571,1101548,RANGING_REQ,-150,LISTENING,0
572,1102233,RANGING_REQ,-150,LISTENING,0
573,1102923,RANGING_REQ,-150,LISTENING,0
574,1103608,RANGING_REQ,-150,LISTENING,0
575,1104293,RANGING_REQ,-150,LISTENING,0
576,1104979,RANGING_REQ,-150,LISTENING,0
577,1105664,RANGING_REQ,-150,LISTENING,0
578,1106350,RANGING_REQ,-150,LISTENING,0
579,1107035,RANGING_REQ,-150,LISTENING,0
580,1107721,RANGING_REQ,-150,LISTENING,0
581,1108406,RANGING_REQ,-150,LISTENING,0
582,1109091,RANGING_REQ,-150,LISTENING,0
583,1109782,RANGING_REQ,-150,LISTENING,0
584,1110468,RANGING_REQ,-150,LISTENING,0
585,1111153,RANGING_REQ,-150,LISTENING,0
586,1111839,RANGING_REQ,-150,LISTENING,0
587,1112524,RANGING_REQ,-150,LISTENING,0
588,1113210,RANGING_REQ,-150,LISTENING,0
589,1113895,RANGING_REQ,-150,LISTENING,0
590,1114580,RANGING_REQ,-150,LISTENING,0
591,1115266,RANGING_REQ,-150,LISTENING,0
592,1115951,RANGING_REQ,-150,LISTENING,0
593,1116642,RANGING_REQ,-150,LISTENING,0
594,1117327,RANGING_REQ,-150,LISTENING,0
595,1118012,RANGING_REQ,-150,LISTENING,0
596,1118698,RANGING_REQ,-150,LISTENING,0
597,1119383,RANGING_REQ,-150,LISTENING,0
598,1120069,RANGING_REQ,-150,LISTENING,0
599,1120754,RANGING_REQ,-150,LISTENING,0
600,1121439,RANGING_REQ,-150,LISTENING,0
601,1122125,RANGING_REQ,-150,LISTENING,0
602,1122810,RANGING_REQ,-150,LISTENING,0
603,1123501,RANGING_REQ,-150,LISTENING,0
604,1124186,RANGING_REQ,-150,LISTENING,0
605,1124871,RANGING_REQ,-150,LISTENING,0
606,1125557,RANGING_REQ,-150,LISTENING,0
607,1126242,RANGING_REQ,-150,LISTENING,0
608,1126928,RANGING_REQ,-150,LISTENING,0
609,1127613,RANGING_REQ,-150,LISTENING,0
610,1128298,RANGING_REQ,-150,LISTENING,0
611,1128984,RANGING_REQ,-150,LISTENING,0
612,1129669,RANGING_REQ,-150,LISTENING,0
613,1186819,RANGING_REQ,-150,LISTENING,0
614,1187505,RANGING_REQ,-150,LISTENING,0
615,1188191,RANGING_REQ,-150,LISTENING,0
616,1188877,RANGING_REQ,-150,LISTENING,0
617,1189563,RANGING_REQ,-150,LISTENING,0
618,1190249,RANGING_REQ,-150,LISTENING,0
619,1190935,RANGING_REQ,-150,LISTENING,0
620,1191621,RANGING_REQ,-150,LISTENING,0
621,1192307,RANGING_REQ,-150,LISTENING,0
622,1192993,RANGING_REQ,-150,LISTENING,0
623,1193684,RANGING_REQ,-150,LISTENING,0
624,1194370,RANGING_REQ,-150,LISTENING,0
625,1195056,RANGING_REQ,-150,LISTENING,0
626,1195743,RANGING_REQ,-150,LISTENING,0
627,1196429,RANGING_REQ,-150,LISTENING,0
628,1197115,RANGING_REQ,-150,LISTENING,0
629,1197801,RANGING_REQ,-150,LISTENING,0
630,1198487,RANGING_REQ,-150,LISTENING,0
631,1199173,RANGING_REQ,-150,LISTENING,0
632,1199859,RANGING_REQ,-150,LISTENING,0
633,1200550,RANGING_REQ,-150,LISTENING,0
634,1201236,RANGING_REQ,-150,LISTENING,0
635,1201922,RANGING_REQ,-150,LISTENING,0
636,1202608,RANGING_REQ,-150,LISTENING,0
637,1203294,RANGING_REQ,-150,LISTENING,0
638,1203979,RANGING_REQ,-150,LISTENING,0
639,1204665,RANGING_REQ,-150,LISTENING,0
640,1205351,RANGING_REQ,-150,LISTENING,0
641,1206037,RANGING_REQ,-150,LISTENING,0
642,1206723,RANGING_REQ,-150,LISTENING,0
643,1207414,RANGING_REQ,-150,LISTENING,0
644,1208100,RANGING_REQ,-150,LISTENING,0
645,1208786,RANGING_REQ,-150,LISTENING,0
646,1209472,RANGING_REQ,-150,LISTENING,0
647,1210158,RANGING_REQ,-150,LISTENING,0
648,1210844,RANGING_REQ,-150,LISTENING,0
649,1211530,RANGING_REQ,-150,LISTENING,0
650,1212216,RANGING_REQ,-150,LISTENING,0
651,1212902,RANGING_REQ,-150,LISTENING,0
652,1213588,RANGING_REQ,-150,LISTENING,0
653,1214278,RANGING_REQ,-150,LISTENING,0
654,1214964,RANGING_REQ,-150,LISTENING,0
655,1215650,RANGING_REQ,-150,LISTENING,0
656,1216336,RANGING_REQ,-150,LISTENING,0
657,1217022,RANGING_REQ,-150,LISTENING,0
658,1217707,RANGING_REQ,-150,LISTENING,0
659,1218393,RANGING_REQ,-150,LISTENING,0
660,1219079,RANGING_REQ,-150,LISTENING,0
661,1219764,RANGING_REQ,-150,LISTENING,0
662,1220450,RANGING_REQ,-150,LISTENING,0
663,1221140,RANGING_REQ,-150,LISTENING,0
664,1221826,RANGING_REQ,-150,LISTENING,0
665,1222511,RANGING_REQ,-150,LISTENING,0
666,1223197,RANGING_REQ,-150,LISTENING,0
667,1223882,RANGING_REQ,-150,LISTENING,0
668,1224568,RANGING_REQ,-150,LISTENING,0
669,1225254,RANGING_REQ,-150,LISTENING,0
670,1225939,RANGING_REQ,-150,LISTENING,0
671,1226625,RANGING_REQ,-150,LISTENING,0
672,1227310,RANGING_REQ,-150,LISTENING,0
673,1228001,RANGING_REQ,-150,LISTENING,0
674,1228687,RANGING_REQ,-150,LISTENING,0
675,1229372,RANGING_REQ,-150,LISTENING,0
676,1230058,RANGING_REQ,-150,LISTENING,0
677,1230743,RANGING_REQ,-150,LISTENING,0
678,1231428,RANGING_REQ,-150,LISTENING,0
679,1232114,RANGING_REQ,-150,LISTENING,0
680,1232800,RANGING_REQ,-150,LISTENING,0
681,1233485,RANGING_REQ,-150,LISTENING,0
682,1234170,RANGING_REQ,-150,LISTENING,0
683,1234861,RANGING_REQ,-150,LISTENING,0
684,1235546,RANGING_REQ,-150,LISTENING,0
685,1236231,RANGING_REQ,-150,LISTENING,0
686,1236917,RANGING_REQ,-150,LISTENING,0
687,1237602,RANGING_REQ,-150,LISTENING,0
688,1238288,RANGING_REQ,-150,LISTENING,0
689,1238973,RANGING_REQ,-150,LISTENING,0
690,1239659,RANGING_REQ,-150,LISTENING,0
691,1240344,RANGING_REQ,-150,LISTENING,0
692,1241029,RANGING_REQ,-150,LISTENING,0
693,1241720,RANGING_REQ,-150,LISTENING,0
694,1242405,RANGING_REQ,-150,LISTENING,0
695,1243090,RANGING_REQ,-150,LISTENING,0
696,1243776,RANGING_REQ,-150,LISTENING,0
697,1244461,RANGING_REQ,-150,LISTENING,0
698,1245146,RANGING_REQ,-150,LISTENING,0
699,1245832,RANGING_REQ,-150,LISTENING,0
700,1246517,RANGING_REQ,-150,LISTENING,0
701,1247202,RANGING_REQ,-150,LISTENING,0
702,1247888,RANGING_REQ,-150,LISTENING,0
703,1248579,RANGING_REQ,-150,LISTENING,0
704,1249264,RANGING_REQ,-150,LISTENING,0
705,1249950,RANGING_REQ,-150,LISTENING,0
706,1250635,RANGING_REQ,-150,LISTENING,0
707,1251320,RANGING_REQ,-150,LISTENING,0
708,1252006,RANGING_REQ,-150,LISTENING,0
709,1252691,RANGING_REQ,-150,LISTENING,0
710,1253376,RANGING_REQ,-150,LISTENING,0
711,1254062,RANGING_REQ,-150,LISTENING,0
712,1254747,RANGING_REQ,-150,LISTENING,0
713,1344748,RANGING_REQ,-150,LISTENING,0
714,1345434,RANGING_REQ,-150,LISTENING,0
715,1346120,RANGING_REQ,-150,LISTENING,0
716,1346807,RANGING_REQ,-150,LISTENING,0
717,1347492,RANGING_REQ,-150,LISTENING,0
718,1348178,RANGING_REQ,-150,LISTENING,0
719,1348864,RANGING_REQ,-150,LISTENING,0
720,1349550,RANGING_REQ,-150,LISTENING,0
721,1350236,RANGING_REQ,-150,LISTENING,0
722,1350922,RANGING_REQ,-150,LISTENING,0
723,1351612,RANGING_REQ,-150,LISTENING,0
724,1352298,RANGING_REQ,-150,LISTENING,0
725,1352984,RANGING_REQ,-150,LISTENING,0
726,1353670,RANGING_REQ,-150,LISTENING,0
727,1354356,RANGING_REQ,-150,LISTENING,0
728,1355042,RANGING_REQ,-150,LISTENING,0
729,1355729,RANGING_REQ,-150,LISTENING,0
730,1356415,RANGING_REQ,-150,LISTENING,0
731,1357101,RANGING_REQ,-150,LISTENING,0
732,1357787,RANGING_REQ,-150,LISTENING,0
733,1358477,RANGING_REQ,-150,LISTENING,0
734,1359163,RANGING_REQ,-150,LISTENING,0
735,1359849,RANGING_REQ,-150,LISTENING,0
736,1360535,RANGING_REQ,-150,LISTENING,0
737,1361221,RANGING_REQ,-150,LISTENING,0
738,1361907,RANGING_REQ,-150,LISTENING,0
739,1362594,RANGING_REQ,-150,LISTENING,0
740,1363280,RANGING_REQ,-150,LISTENING,0
741,1363966,RANGING_REQ,-150,LISTENING,0
742,1364652,RANGING_REQ,-150,LISTENING,0
743,1365343,RANGING_REQ,-150,LISTENING,0
744,1366029,RANGING_REQ,-150,LISTENING,0
745,1366715,RANGING_REQ,-150,LISTENING,0
746,1367401,RANGING_REQ,-150,LISTENING,0
747,1368087,RANGING_REQ,-150,LISTENING,0
748,1368773,RANGING_REQ,-150,LISTENING,0
749,1369459,RANGING_REQ,-150,LISTENING,0
750,1370145,RANGING_REQ,-150,LISTENING,0
751,1370831,RANGING_REQ,-150,LISTENING,0
752,1371517,RANGING_REQ,-150,LISTENING,0
753,1372207,RANGING_REQ,-150,LISTENING,0
754,1372893,RANGING_REQ,-150,LISTENING,0
755,1373579,RANGING_REQ,-150,LISTENING,0
756,1374265,RANGING_REQ,-150,LISTENING,0
757,1374951,RANGING_REQ,-150,LISTENING,0
758,1375637,RANGING_REQ,-150,LISTENING,0
759,1376323,RANGING_REQ,-150,LISTENING,0
760,1377009,RANGING_REQ,-150,LISTENING,0
761,1377695,RANGING_REQ,-150,LISTENING,0
762,1378381,RANGING_REQ,-150,LISTENING,0
763,1379072,RANGING_REQ,-150,LISTENING,0
764,1379758,RANGING_REQ,-150,LISTENING,0
765,1380444,RANGING_REQ,-150,LISTENING,0
766,1381129,RANGING_REQ,-150,LISTENING,0
767,1381815,RANGING_REQ,-150,LISTENING,0
768,1382501,RANGING_REQ,-150,LISTENING,0
769,1383187,RANGING_REQ,-150,LISTENING,0
770,1383873,RANGING_REQ,-150,LISTENING,0
771,1384559,RANGING_REQ,-150,LISTENING,0
772,1385245,RANGING_REQ,-150,LISTENING,0
773,1385936,RANGING_REQ,-150,LISTENING,0
774,1386622,RANGING_REQ,-150,LISTENING,0
775,1387307,RANGING_REQ,-150,LISTENING,0
776,1387993,RANGING_REQ,-150,LISTENING,0
777,1388679,RANGING_REQ,-150,LISTENING,0
778,1389365,RANGING_REQ,-150,LISTENING,0
779,1390051,RANGING_REQ,-150,LISTENING,0
780,1390737,RANGING_REQ,-150,LISTENING,0
781,1391422,RANGING_REQ,-150,LISTENING,0
782,1392108,RANGING_REQ,-150,LISTENING,0
783,1392799,RANGING_REQ,-150,LISTENING,0
784,1393485,RANGING_REQ,-150,LISTENING,0
785,1394170,RANGING_REQ,-150,LISTENING,0
786,1394856,RANGING_REQ,-150,LISTENING,0
787,1395541,RANGING_REQ,-150,LISTENING,0
788,1396227,RANGING_REQ,-150,LISTENING,0
789,1396912,RANGING_REQ,-150,LISTENING,0
790,1397598,RANGING_REQ,-150,LISTENING,0
791,1398284,RANGING_REQ,-150,LISTENING,0
792,1398969,RANGING_REQ,-150,LISTENING,0
793,1399660,RANGING_REQ,-150,LISTENING,0
794,1400346,RANGING_REQ,-150,LISTENING,0
795,1401031,RANGING_REQ,-150,LISTENING,0
796,1401717,RANGING_REQ,-150,LISTENING,0
797,1402403,RANGING_REQ,-150,LISTENING,0
798,1403089,RANGING_REQ,-150,LISTENING,0
799,1403775,RANGING_REQ,-150,LISTENING,0
800,1404460,RANGING_REQ,-150,LISTENING,0
801,1405146,RANGING_REQ,-150,LISTENING,0
802,1405832,RANGING_REQ,-150,LISTENING,0
803,1406522,RANGING_REQ,-150,LISTENING,0
804,1407208,RANGING_REQ,-150,LISTENING,0
805,1407893,RANGING_REQ,-150,LISTENING,0
806,1408579,RANGING_REQ,-150,LISTENING,0
807,1409264,RANGING_REQ,-150,LISTENING,0
808,1409950,RANGING_REQ,-150,LISTENING,0
809,1410635,RANGING_REQ,-150,LISTENING,0
810,1411321,RANGING_REQ,-150,LISTENING,0
811,1412006,RANGING_REQ,-150,LISTENING,0
812,1412692,RANGING_REQ,-150,LISTENING,0
813,1413382,RANGING_REQ,-150,LISTENING,0
814,1519520,RANGING_REQ,-150,LISTENING,0
815,1520206,RANGING_REQ,-150,LISTENING,0
816,1520893,RANGING_REQ,-150,LISTENING,0
817,1521579,RANGING_REQ,-150,LISTENING,0
818,1522265,RANGING_REQ,-150,LISTENING,0
819,1522951,RANGING_REQ,-150,LISTENING,0
820,1523637,RANGING_REQ,-150,LISTENING,0
821,1524323,RANGING_REQ,-150,LISTENING,0
822,1525009,RANGING_REQ,-150,LISTENING,0
823,1525695,RANGING_REQ,-150,LISTENING,0
824,1526385,RANGING_REQ,-150,LISTENING,0
825,1527072,RANGING_REQ,-150,LISTENING,0
826,1527758,RANGING_REQ,-150,LISTENING,0
827,1528443,RANGING_REQ,-150,LISTENING,0
828,1529129,RANGING_REQ,-150,LISTENING,0
829,1529815,RANGING_REQ,-150,LISTENING,0
830,1530501,RANGING_REQ,-150,LISTENING,0
831,1531187,RANGING_REQ,-150,LISTENING,0
832,1531873,RANGING_REQ,-150,LISTENING,0
833,1532559,RANGING_REQ,-150,LISTENING,0
834,1533249,RANGING_REQ,-150,LISTENING,0
835,1533935,RANGING_REQ,-150,LISTENING,0
836,1534621,RANGING_REQ,-150,LISTENING,0
837,1535307,RANGING_REQ,-150,LISTENING,0
838,1535994,RANGING_REQ,-150,LISTENING,0
839,1536680,RANGING_REQ,-150,LISTENING,0
840,1537366,RANGING_REQ,-150,LISTENING,0
841,1538052,RANGING_REQ,-150,LISTENING,0
842,1538738,RANGING_REQ,-150,LISTENING,0
843,1539424,RANGING_REQ,-150,LISTENING,0
844,1540115,RANGING_REQ,-150,LISTENING,0
845,1540801,RANGING_REQ,-150,LISTENING,0
846,1541487,RANGING_REQ,-150,LISTENING,0
847,1542173,RANGING_REQ,-150,LISTENING,0
848,1542859,RANGING_REQ,-150,LISTENING,0
849,1543546,RANGING_REQ,-150,LISTENING,0
850,1544232,RANGING_REQ,-150,LISTENING,0
851,1544918,RANGING_REQ,-150,LISTENING,0
852,1545604,RANGING_REQ,-150,LISTENING,0
853,1546290,RANGING_REQ,-150,LISTENING,0
854,1546981,RANGING_REQ,-150,LISTENING,0
855,1547667,RANGING_REQ,-150,LISTENING,0
856,1548353,RANGING_REQ,-150,LISTENING,0
857,1549039,RANGING_REQ,-150,LISTENING,0
858,1549725,RANGING_REQ,-150,LISTENING,0
859,1550411,RANGING_REQ,-150,LISTENING,0
860,1551097,RANGING_REQ,-150,LISTENING,0
861,1551783,RANGING_REQ,-150,LISTENING,0
862,1552469,RANGING_REQ,-150,LISTENING,0
863,1553155,RANGING_REQ,-150,LISTENING,0
864,1553846,RANGING_REQ,-150,LISTENING,0
865,1554532,RANGING_REQ,-150,LISTENING,0
866,1555218,RANGING_REQ,-150,LISTENING,0
867,1555904,RANGING_REQ,-150,LISTENING,0
868,1556590,RANGING_REQ,-150,LISTENING,0
869,1557276,RANGING_REQ,-150,LISTENING,0
870,1557962,RANGING_REQ,-150,LISTENING,0
871,1558648,RANGING_REQ,-150,LISTENING,0
872,1559334,RANGING_REQ,-150,LISTENING,0
873,1560020,RANGING_REQ,-150,LISTENING,0
874,1560712,RANGING_REQ,-150,LISTENING,0
875,1561398,RANGING_REQ,-150,LISTENING,0
876,1562084,RANGING_REQ,-150,LISTENING,0
877,1562770,RANGING_REQ,-150,LISTENING,0
878,1563456,RANGING_REQ,-150,LISTENING,0
879,1564142,RANGING_REQ,-150,LISTENING,0
880,1564828,RANGING_REQ,-150,LISTENING,0
881,1565514,RANGING_REQ,-150,LISTENING,0
882,1566200,RANGING_REQ,-150,LISTENING,0
883,1566886,RANGING_REQ,-150,LISTENING,0
884,1567576,RANGING_REQ,-150,LISTENING,0
885,1568262,RANGING_REQ,-150,LISTENING,0
886,1568948,RANGING_REQ,-150,LISTENING,0
887,1569634,RANGING_REQ,-150,LISTENING,0
888,1570320,RANGING_REQ,-150,LISTENING,0
889,1571005,RANGING_REQ,-150,LISTENING,0
890,1571691,RANGING_REQ,-150,LISTENING,0
891,1572377,RANGING_REQ,-150,LISTENING,0
892,1573063,RANGING_REQ,-150,LISTENING,0
893,1573748,RANGING_REQ,-150,LISTENING,0
894,1574439,RANGING_REQ,-150,LISTENING,0
895,1575126,RANGING_REQ,-150,LISTENING,0
896,1575812,RANGING_REQ,-150,LISTENING,0
897,1576498,RANGING_REQ,-150,LISTENING,0
898,1577184,RANGING_REQ,-150,LISTENING,0
899,1577870,RANGING_REQ,-150,LISTENING,0
900,1578556,RANGING_REQ,-150,LISTENING,0
901,1579242,RANGING_REQ,-150,LISTENING,0
902,1579927,RANGING_REQ,-150,LISTENING,0
903,1580613,RANGING_REQ,-150,LISTENING,0
904,1581303,RANGING_REQ,-150,LISTENING,0
905,1613762,RANGING_REQ,-150,LISTENING,0
906,1614448,RANGING_REQ,-150,LISTENING,0
907,1615134,RANGING_REQ,-150,LISTENING,0
908,1615820,RANGING_REQ,-150,LISTENING,0
909,1616506,RANGING_REQ,-150,LISTENING,0
910,1617192,RANGING_REQ,-150,LISTENING,0
911,1617878,RANGING_REQ,-150,LISTENING,0
912,1618564,RANGING_REQ,-150,LISTENING,0
913,1619250,RANGING_REQ,-150,LISTENING,0
914,1619936,RANGING_REQ,-150,LISTENING,0
915,1620626,RANGING_REQ,-150,LISTENING,0
916,1621312,RANGING_REQ,-150,LISTENING,0
917,1621999,RANGING_REQ,-150,LISTENING,0
918,1622685,RANGING_REQ,-150,LISTENING,0
919,1623371,RANGING_REQ,-150,LISTENING,0
920,1624057,RANGING_REQ,-150,LISTENING,0
921,1624743,RANGING_REQ,-150,LISTENING,0
922,1625429,RANGING_REQ,-150,LISTENING,0
923,1626115,RANGING_REQ,-150,LISTENING,0
924,1626801,RANGING_REQ,-150,LISTENING,0
925,1627492,RANGING_REQ,-150,LISTENING,0
926,1628178,RANGING_REQ,-150,LISTENING,0
927,1628864,RANGING_REQ,-150,LISTENING,0
928,1629550,RANGING_REQ,-150,LISTENING,0
929,1630237,RANGING_REQ,-150,LISTENING,0
930,1630923,RANGING_REQ,-150,LISTENING,0
931,1631609,RANGING_REQ,-150,LISTENING,0
932,1632295,RANGING_REQ,-150,LISTENING,0
933,1632981,RANGING_REQ,-150,LISTENING,0
934,1633667,RANGING_REQ,-150,LISTENING,0
935,1634358,RANGING_REQ,-150,LISTENING,0
936,1635044,RANGING_REQ,-150,LISTENING,0
937,1635731,RANGING_REQ,-150,LISTENING,0
938,1636417,RANGING_REQ,-150,LISTENING,0
939,1637103,RANGING_REQ,-150,LISTENING,0
940,1637789,RANGING_REQ,-150,LISTENING,0
941,1638475,RANGING_REQ,-150,LISTENING,0
942,1639161,RANGING_REQ,-150,LISTENING,0
943,1639847,RANGING_REQ,-150,LISTENING,0
944,1640533,RANGING_REQ,-150,LISTENING,0
945,1641223,RANGING_REQ,-150,LISTENING,0
946,1641909,RANGING_REQ,-150,LISTENING,0
947,1642595,RANGING_REQ,-150,LISTENING,0
948,1643281,RANGING_REQ,-150,LISTENING,0
949,1643967,RANGING_REQ,-150,LISTENING,0
950,1644653,RANGING_REQ,-150,LISTENING,0
951,1645339,RANGING_REQ,-150,LISTENING,0
952,1646025,RANGING_REQ,-150,LISTENING,0
953,1646710,RANGING_REQ,-150,LISTENING,0
954,1647396,RANGING_REQ,-150,LISTENING,0
955,1648087,RANGING_REQ,-150,LISTENING,0
956,1648772,RANGING_REQ,-150,LISTENING,0
957,1649458,RANGING_REQ,-150,LISTENING,0
958,1650144,RANGING_REQ,-150,LISTENING,0
959,1650830,RANGING_REQ,-150,LISTENING,0
960,1651516,RANGING_REQ,-150,LISTENING,0
961,1652202,RANGING_REQ,-150,LISTENING,0
962,1652887,RANGING_REQ,-150,LISTENING,0
963,1653573,RANGING_REQ,-150,LISTENING,0
964,1654259,RANGING_REQ,-150,LISTENING,0
965,1654950,RANGING_REQ,-150,LISTENING,0
966,1655635,RANGING_REQ,-150,LISTENING,0
967,1656321,RANGING_REQ,-150,LISTENING,0
968,1657007,RANGING_REQ,-150,LISTENING,0
969,1657692,RANGING_REQ,-150,LISTENING,0
970,1658378,RANGING_REQ,-150,LISTENING,0
971,1659064,RANGING_REQ,-150,LISTENING,0
972,1659750,RANGING_REQ,-150,LISTENING,0
973,1660436,RANGING_REQ,-150,LISTENING,0
974,1661122,RANGING_REQ,-150,LISTENING,0
975,1661812,RANGING_REQ,-150,LISTENING,0
976,1662498,RANGING_REQ,-150,LISTENING,0
977,1663183,RANGING_REQ,-150,LISTENING,0
978,1663869,RANGING_REQ,-150,LISTENING,0
979,1664555,RANGING_REQ,-150,LISTENING,0
980,1665240,RANGING_REQ,-150,LISTENING,0
981,1665926,RANGING_REQ,-150,LISTENING,0
982,1666612,RANGING_REQ,-150,LISTENING,0
983,1667297,RANGING_REQ,-150,LISTENING,0
984,1667983,RANGING_REQ,-150,LISTENING,0
985,1668674,RANGING_REQ,-150,LISTENING,0
986,1669360,RANGING_REQ,-150,LISTENING,0
987,1670045,RANGING_REQ,-150,LISTENING,0
988,1670731,RANGING_REQ,-150,LISTENING,0
989,1671416,RANGING_REQ,-150,LISTENING,0
990,1672102,RANGING_REQ,-150,LISTENING,0
991,1672788,RANGING_REQ,-150,LISTENING,0
992,1673473,RANGING_REQ,-150,LISTENING,0
993,1674159,RANGING_REQ,-150,LISTENING,0
994,1674845,RANGING_REQ,-150,LISTENING,0
995,1675535,RANGING_REQ,-150,LISTENING,0
996,1676221,RANGING_REQ,-150,LISTENING,0
997,1676907,RANGING_REQ,-150,LISTENING,0
998,1677592,RANGING_REQ,-150,LISTENING,0
999,1678278,RANGING_REQ,-150,LISTENING,0
1000,1842213,RANGING_REQ,-150,LISTENING,0
1001,1842899,RANGING_REQ,-150,LISTENING,0
1002,1843585,RANGING_REQ,-150,LISTENING,0
1003,1844271,RANGING_REQ,-150,LISTENING,0
1004,1844957,RANGING_REQ,-150,LISTENING,0
1005,1845643,RANGING_REQ,-150,LISTENING,0
1006,1846329,RANGING_REQ,-150,LISTENING,0
1007,1847015,RANGING_REQ,-150,LISTENING,0
1008,1847701,RANGING_REQ,-150,LISTENING,0
1009,1848387,RANGING_REQ,-150,LISTENING,0
1010,1849079,RANGING_REQ,-150,LISTENING,0
1011,1849765,RANGING_REQ,-150,LISTENING,0
1012,1850451,RANGING_REQ,-150,LISTENING,0
1013,1851137,RANGING_REQ,-150,LISTENING,0
1014,1851822,RANGING_REQ,-150,LISTENING,0
1015,1852508,RANGING_REQ,-150,LISTENING,0
1016,1853194,RANGING_REQ,-150,LISTENING,0
1017,1853880,RANGING_REQ,-150,LISTENING,0
1018,1854566,RANGING_REQ,-150,LISTENING,0
1019,1855252,RANGING_REQ,-150,LISTENING,0
1020,1855942,RANGING_REQ,-150,LISTENING,0
1021,1856628,RANGING_REQ,-150,LISTENING,0
1022,1857314,RANGING_REQ,-150,LISTENING,0
1023,1858000,RANGING_REQ,-150,LISTENING,0
1024,1858686,RANGING_REQ,-150,LISTENING,0
1025,1859372,RANGING_REQ,-150,LISTENING,0
1026,1860058,RANGING_REQ,-150,LISTENING,0
1027,1860744,RANGING_REQ,-150,LISTENING,0
1028,1861430,RANGING_REQ,-150,LISTENING,0
1029,1862115,RANGING_REQ,-150,LISTENING,0
1030,1862806,RANGING_REQ,-150,LISTENING,0
1031,1863492,RANGING_REQ,-150,LISTENING,0
1032,1864178,RANGING_REQ,-150,LISTENING,0
1033,1864864,RANGING_REQ,-150,LISTENING,0
1034,1865550,RANGING_REQ,-150,LISTENING,0
1035,1866236,RANGING_REQ,-150,LISTENING,0
1036,1866922,RANGING_REQ,-150,LISTENING,0
1037,1867608,RANGING_REQ,-150,LISTENING,0
1038,1868295,RANGING_REQ,-150,LISTENING,0
1039,1868981,RANGING_REQ,-150,LISTENING,0
1040,1869671,RANGING_REQ,-150,LISTENING,0
1041,1870357,RANGING_REQ,-150,LISTENING,0
1042,1871043,RANGING_REQ,-150,LISTENING,0
1043,1871729,RANGING_REQ,-150,LISTENING,0
1044,1872415,RANGING_REQ,-150,LISTENING,0
1045,1873101,RANGING_REQ,-150,LISTENING,0
1046,1873787,RANGING_REQ,-150,LISTENING,0
1047,1874473,RANGING_REQ,-150,LISTENING,0
1048,1875159,RANGING_REQ,-150,LISTENING,0
1049,1875845,RANGING_REQ,-150,LISTENING,0
1050,1876536,RANGING_REQ,-150,LISTENING,0
1051,1877222,RANGING_REQ,-150,LISTENING,0
1052,1877908,RANGING_REQ,-150,LISTENING,0
1053,1878594,RANGING_REQ,-150,LISTENING,0
1054,1879280,RANGING_REQ,-150,LISTENING,0
1055,1879966,RANGING_REQ,-150,LISTENING,0
1056,1880652,RANGING_REQ,-150,LISTENING,0
1057,1881337,RANGING_REQ,-150,LISTENING,0
1058,1882023,RANGING_REQ,-150,LISTENING,0
1059,1882709,RANGING_REQ,-150,LISTENING,0
1060,1883400,RANGING_REQ,-150,LISTENING,0
1061,1884086,RANGING_REQ,-150,LISTENING,0
1062,1884772,RANGING_REQ,-150,LISTENING,0
1063,1885457,RANGING_REQ,-150,LISTENING,0
1064,1886143,RANGING_REQ,-150,LISTENING,0
1065,1886829,RANGING_REQ,-150,LISTENING,0
1066,1887515,RANGING_REQ,-150,LISTENING,0
1067,1888201,RANGING_REQ,-150,LISTENING,0
1068,1888887,RANGING_REQ,-150,LISTENING,0
1069,1889573,RANGING_REQ,-150,LISTENING,0
1070,1890263,RANGING_REQ,-150,LISTENING,0
1071,1890949,RANGING_REQ,-150,LISTENING,0
1072,1891635,RANGING_REQ,-150,LISTENING,0
1073,1892321,RANGING_REQ,-150,LISTENING,0
1074,1893006,RANGING_REQ,-150,LISTENING,0
1075,1893692,RANGING_REQ,-150,LISTENING,0
1076,1894378,RANGING_REQ,-150,LISTENING,0
1077,1895064,RANGING_REQ,-150,LISTENING,0
1078,1895749,RANGING_REQ,-150,LISTENING,0
1079,1896435,RANGING_REQ,-150,LISTENING,0
1080,1897125,RANGING_REQ,-150,LISTENING,0
1081,1897810,RANGING_REQ,-150,LISTENING,0
1082,1898496,RANGING_REQ,-150,LISTENING,0
1083,1899182,RANGING_REQ,-150,LISTENING,0
1084,1899867,RANGING_REQ,-150,LISTENING,0
1085,1900553,RANGING_REQ,-150,LISTENING,0
1086,1901239,RANGING_REQ,-150,LISTENING,0
1087,1901924,RANGING_REQ,-150,LISTENING,0
1088,1902610,RANGING_REQ,-150,LISTENING,0
1089,1903295,RANGING_REQ,-150,LISTENING,0
1090,1903986,RANGING_REQ,-150,LISTENING,0
1091,1904672,RANGING_REQ,-150,LISTENING,0
1092,1905357,RANGING_REQ,-150,LISTENING,0
1093,1906043,RANGING_REQ,-150,LISTENING,0
1094,1906728,RANGING_REQ,-150,LISTENING,0
1095,1907414,RANGING_REQ,-150,LISTENING,0
1096,1908099,RANGING_REQ,-150,LISTENING,0
1097,1908784,RANGING_REQ,-150,LISTENING,0
1098,1909470,RANGING_REQ,-150,LISTENING,0
1099,2411052,RANGING_REQ,-150,LISTENING,0
1100,2411738,RANGING_REQ,-150,LISTENING,0
1101,2412424,RANGING_REQ,-150,LISTENING,0
1102,2413109,RANGING_REQ,-150,LISTENING,0
1103,2413794,RANGING_REQ,-150,LISTENING,0
1104,2414479,RANGING_REQ,-150,LISTENING,0
1105,2415164,RANGING_REQ,-150,LISTENING,0
1106,2415850,RANGING_REQ,-150,LISTENING,0
1107,2416535,RANGING_REQ,-150,LISTENING,0
1108,2417221,RANGING_REQ,-150,LISTENING,0
1109,2417911,RANGING_REQ,-150,LISTENING,0
1110,2418596,RANGING_REQ,-150,LISTENING,0
1111,2419282,RANGING_REQ,-150,LISTENING,0
1112,2419968,RANGING_REQ,-150,LISTENING,0
1113,2420653,RANGING_REQ,-150,LISTENING,0
1114,2421339,RANGING_REQ,-150,LISTENING,0
1115,2422025,RANGING_REQ,-150,LISTENING,0
1116,2422711,RANGING_REQ,-150,LISTENING,0
1117,2423396,RANGING_REQ,-150,LISTENING,0
1118,2424082,RANGING_REQ,-150,LISTENING,0
1119,2424773,RANGING_REQ,-150,LISTENING,0
1120,2425459,RANGING_REQ,-150,LISTENING,0
1121,2426145,RANGING_REQ,-150,LISTENING,0
1122,2426831,RANGING_REQ,-150,LISTENING,0
1123,2427517,RANGING_REQ,-150,LISTENING,0
1124,2428203,RANGING_REQ,-150,LISTENING,0
1125,2428889,RANGING_REQ,-150,LISTENING,0
1126,2429576,RANGING_REQ,-150,LISTENING,0
1127,2430262,RANGING_REQ,-150,LISTENING,0
1128,2430948,RANGING_REQ,-150,LISTENING,0
1129,2431639,RANGING_REQ,-150,LISTENING,0
1130,2432325,RANGING_REQ,-150,LISTENING,0
1131,2433011,RANGING_REQ,-150,LISTENING,0
1132,2433697,RANGING_REQ,-150,LISTENING,0
1133,2434384,RANGING_REQ,-150,LISTENING,0
1134,2435070,RANGING_REQ,-150,LISTENING,0
1135,2435756,RANGING_REQ,-150,LISTENING,0
1136,2436442,RANGING_REQ,-150,LISTENING,0
1137,2437128,RANGING_REQ,-150,LISTENING,0
1138,2437814,RANGING_REQ,-150,LISTENING,0
1139,2438505,RANGING_REQ,-150,LISTENING,0
1140,2439191,RANGING_REQ,-150,LISTENING,0
1141,2439877,RANGING_REQ,-150,LISTENING,0
1142,2440563,RANGING_REQ,-150,LISTENING,0
1143,2441249,RANGING_REQ,-150,LISTENING,0
1144,2441935,RANGING_REQ,-150,LISTENING,0
1145,2442621,RANGING_REQ,-150,LISTENING,0
1146,2443307,RANGING_REQ,-150,LISTENING,0
1147,2443993,RANGING_REQ,-150,LISTENING,0
1148,2444680,RANGING_REQ,-150,LISTENING,0
1149,2445371,RANGING_REQ,-150,LISTENING,0
1150,2446057,RANGING_REQ,-150,LISTENING,0
1151,2446743,RANGING_REQ,-150,LISTENING,0
1152,2447429,RANGING_REQ,-150,LISTENING,0
1153,2448115,RANGING_REQ,-150,LISTENING,0
1154,2448801,RANGING_REQ,-150,LISTENING,0
1155,2449487,RANGING_REQ,-150,LISTENING,0
1156,2450173,RANGING_REQ,-150,LISTENING,0
1157,2450859,RANGING_REQ,-150,LISTENING,0
1158,2451545,RANGING_REQ,-150,LISTENING,0
1159,2452235,RANGING_REQ,-150,LISTENING,0
1160,2452921,RANGING_REQ,-150,LISTENING,0
1161,2453607,RANGING_REQ,-150,LISTENING,0
1162,2454293,RANGING_REQ,-150,LISTENING,0
1163,2454979,RANGING_REQ,-150,LISTENING,0
1164,2455665,RANGING_REQ,-150,LISTENING,0
1165,2456351,RANGING_REQ,-150,LISTENING,0
1166,2457037,RANGING_REQ,-150,LISTENING,0
1167,2457723,RANGING_REQ,-150,LISTENING,0
1168,2458409,RANGING_REQ,-150,LISTENING,0
1169,2459099,RANGING_REQ,-150,LISTENING,0
1170,2459785,RANGING_REQ,-150,LISTENING,0
1171,2460471,RANGING_REQ,-150,LISTENING,0
1172,2461157,RANGING_REQ,-150,LISTENING,0
1173,2461843,RANGING_REQ,-150,LISTENING,0
1174,2473680,RANGING_REQ,-150,LISTENING,0
1175,2474367,RANGING_REQ,-150,LISTENING,0
1176,2475053,RANGING_REQ,-150,LISTENING,0
1177,2475739,RANGING_REQ,-150,LISTENING,0
1178,2476424,RANGING_REQ,-150,LISTENING,0
1179,2477110,RANGING_REQ,-150,LISTENING,0
1180,2477796,RANGING_REQ,-150,LISTENING,0
1181,2478482,RANGING_REQ,-150,LISTENING,0
1182,2479168,RANGING_REQ,-150,LISTENING,0
1183,2479854,RANGING_REQ,-150,LISTENING,0
1184,2480544,RANGING_REQ,-150,LISTENING,0
1185,2481230,RANGING_REQ,-150,LISTENING,0
1186,2481916,RANGING_REQ,-150,LISTENING,0
1187,2482602,RANGING_REQ,-150,LISTENING,0
1188,2483288,RANGING_REQ,-150,LISTENING,0
1189,2483974,RANGING_REQ,-150,LISTENING,0
1190,2484660,RANGING_REQ,-150,LISTENING,0
1191,2485346,RANGING_REQ,-150,LISTENING,0
1192,2486032,RANGING_REQ,-150,LISTENING,0
1193,2486718,RANGING_REQ,-150,LISTENING,0
1194,2487410,RANGING_REQ,-150,LISTENING,0
1195,2488096,RANGING_REQ,-150,LISTENING,0
1196,2488782,RANGING_REQ,-150,LISTENING,0
1197,2489468,RANGING_REQ,-150,LISTENING,0
1198,2490154,RANGING_REQ,-150,LISTENING,0
1199,2490840,RANGING_REQ,-150,LISTENING,0
1200,2491526,RANGING_REQ,-150,LISTENING,0
1201,2492212,RANGING_REQ,-150,LISTENING,0
1202,2492898,RANGING_REQ,-150,LISTENING,0
1203,2493584,RANGING_REQ,-150,LISTENING,0
1204,2494274,RANGING_REQ,-150,LISTENING,0
1205,2494960,RANGING_REQ,-150,LISTENING,0
1206,2495646,RANGING_REQ,-150,LISTENING,0
1207,2496332,RANGING_REQ,-150,LISTENING,0
1208,2497019,RANGING_REQ,-150,LISTENING,0
1209,2497705,RANGING_REQ,-150,LISTENING,0
1210,2498391,RANGING_REQ,-150,LISTENING,0
1211,2499077,RANGING_REQ,-150,LISTENING,0
1212,2499763,RANGING_REQ,-150,LISTENING,0
1213,2500449,RANGING_REQ,-150,LISTENING,0
1214,2501139,RANGING_REQ,-150,LISTENING,0
1215,2501825,RANGING_REQ,-150,LISTENING,0
1216,2502511,RANGING_REQ,-150,LISTENING,0
1217,2503197,RANGING_REQ,-150,LISTENING,0
1218,2503883,RANGING_REQ,-150,LISTENING,0
1219,2504569,RANGING_REQ,-150,LISTENING,0
1220,2505255,RANGING_REQ,-150,LISTENING,0
1221,2505942,RANGING_REQ,-150,LISTENING,0
1222,2506628,RANGING_REQ,-150,LISTENING,0
1223,2507314,RANGING_REQ,-150,LISTENING,0
1224,2508005,RANGING_REQ,-150,LISTENING,0
1225,2508691,RANGING_REQ,-150,LISTENING,0
1226,2509378,RANGING_REQ,-150,LISTENING,0
1227,2510064,RANGING_REQ,-150,LISTENING,0
1228,2510750,RANGING_REQ,-150,LISTENING,0
1229,2511436,RANGING_REQ,-150,LISTENING,0
1230,2512122,RANGING_REQ,-150,LISTENING,0
1231,2512808,RANGING_REQ,-150,LISTENING,0
1232,2513494,RANGING_REQ,-150,LISTENING,0
1233,2514180,RANGING_REQ,-150,LISTENING,0
1234,2514871,RANGING_REQ,-150,LISTENING,0
1235,2515557,RANGING_REQ,-150,LISTENING,0
1236,2516243,RANGING_REQ,-150,LISTENING,0
1237,2516929,RANGING_REQ,-150,LISTENING,0
1238,2517615,RANGING_REQ,-150,LISTENING,0
1239,2518302,RANGING_REQ,-150,LISTENING,0
1240,2518988,RANGING_REQ,-150,LISTENING,0
1241,2519674,RANGING_REQ,-150,LISTENING,0
1242,2520360,RANGING_REQ,-150,LISTENING,0
1243,2521046,RANGING_REQ,-150,LISTENING,0
1244,2521737,RANGING_REQ,-150,LISTENING,0
1245,2522423,RANGING_REQ,-150,LISTENING,0
1246,2523109,RANGING_REQ,-150,LISTENING,0
1247,2523795,RANGING_REQ,-150,LISTENING,0
1248,2524481,RANGING_REQ,-150,LISTENING,0
1249,2525167,RANGING_REQ,-150,LISTENING,0
1250,2525853,RANGING_REQ,-150,LISTENING,0
1251,2526539,RANGING_REQ,-150,LISTENING,0
1252,2527225,RANGING_REQ,-150,LISTENING,0
1253,2527912,RANGING_REQ,-150,LISTENING,0
1254,2528603,RANGING_REQ,-150,LISTENING,0
1255,2529289,RANGING_REQ,-150,LISTENING,0
1256,2529975,RANGING_REQ,-150,LISTENING,0
1257,2530661,RANGING_REQ,-150,LISTENING,0
1258,2531347,RANGING_REQ,-150,LISTENING,0
1259,2532033,RANGING_REQ,-150,LISTENING,0
1260,2532719,RANGING_REQ,-150,LISTENING,0
1261,2533405,RANGING_REQ,-150,LISTENING,0
1262,2534091,RANGING_REQ,-150,LISTENING,0
1263,2534777,RANGING_REQ,-150,LISTENING,0
1264,2535468,RANGING_REQ,-150,LISTENING,0
1265,2536154,RANGING_REQ,-150,LISTENING,0
1266,2536840,RANGING_REQ,-150,LISTENING,0
1267,2537526,RANGING_REQ,-150,LISTENING,0
1268,2538212,RANGING_REQ,-150,LISTENING,0
1269,2561580,RANGING_REQ,-150,LISTENING,0
1270,2562266,RANGING_REQ,-150,LISTENING,0
1271,2562952,RANGING_REQ,-150,LISTENING,0
1272,2563638,RANGING_REQ,-150,LISTENING,0
1273,2564324,RANGING_REQ,-150,LISTENING,0
1274,2565010,RANGING_REQ,-150,LISTENING,0
1275,2565696,RANGING_REQ,-150,LISTENING,0
1276,2566382,RANGING_REQ,-150,LISTENING,0
1277,2567068,RANGING_REQ,-150,LISTENING,0
1278,2567754,RANGING_REQ,-150,LISTENING,0
1279,2568444,RANGING_REQ,-150,LISTENING,0
1280,2569130,RANGING_REQ,-150,LISTENING,0
1281,2569816,RANGING_REQ,-150,LISTENING,0
1282,2570502,RANGING_REQ,-150,LISTENING,0
1283,2571189,RANGING_REQ,-150,LISTENING,0
1284,2571875,RANGING_REQ,-150,LISTENING,0
1285,2572561,RANGING_REQ,-150,LISTENING,0
1286,2573247,RANGING_REQ,-150,LISTENING,0
1287,2573933,RANGING_REQ,-150,LISTENING,0
1288,2574619,RANGING_REQ,-150,LISTENING,0
1289,2575310,RANGING_REQ,-150,LISTENING,0
1290,2575996,RANGING_REQ,-150,LISTENING,0
1291,2576682,RANGING_REQ,-150,LISTENING,0
1292,2577368,RANGING_REQ,-150,LISTENING,0
1293,2578054,RANGING_REQ,-150,LISTENING,0
1294,2578740,RANGING_REQ,-150,LISTENING,0
1295,2579426,RANGING_REQ,-150,LISTENING,0
1296,2580112,RANGING_REQ,-150,LISTENING,0
1297,2580798,RANGING_REQ,-150,LISTENING,0
1298,2581484,RANGING_REQ,-150,LISTENING,0
1299,2582175,RANGING_REQ,-150,LISTENING,0
1300,2582861,RANGING_REQ,-150,LISTENING,0
1301,2583547,RANGING_REQ,-150,LISTENING,0
1302,2584233,RANGING_REQ,-150,LISTENING,0
1303,2584919,RANGING_REQ,-150,LISTENING,0
1304,2585605,RANGING_REQ,-150,LISTENING,0
1305,2586291,RANGING_REQ,-150,LISTENING,0
1306,2586977,RANGING_REQ,-150,LISTENING,0
1307,2587663,RANGING_REQ,-150,LISTENING,0
1308,2588349,RANGING_REQ,-150,LISTENING,0
1309,2589040,RANGING_REQ,-150,LISTENING,0
1310,2589726,RANGING_REQ,-150,LISTENING,0
1311,2590413,RANGING_REQ,-150,LISTENING,0
1312,2591099,RANGING_REQ,-150,LISTENING,0
1313,2591784,RANGING_REQ,-150,LISTENING,0
1314,2592470,RANGING_REQ,-150,LISTENING,0
1315,2593156,RANGING_REQ,-150,LISTENING,0
1316,2593842,RANGING_REQ,-150,LISTENING,0
1317,2594527,RANGING_REQ,-150,LISTENING,0
1318,2595213,RANGING_REQ,-150,LISTENING,0
1319,2595903,RANGING_REQ,-150,LISTENING,0
1320,2596589,RANGING_REQ,-150,LISTENING,0
1321,2597275,RANGING_REQ,-150,LISTENING,0
1322,2597961,RANGING_REQ,-150,LISTENING,0
1323,2598647,RANGING_REQ,-150,LISTENING,0
1324,2599333,RANGING_REQ,-150,LISTENING,0
1325,2600018,RANGING_REQ,-150,LISTENING,0
1326,2600704,RANGING_REQ,-150,LISTENING,0
1327,2601390,RANGING_REQ,-150,LISTENING,0
1328,2602075,RANGING_REQ,-150,LISTENING,0
1329,2602766,RANGING_REQ,-150,LISTENING,0
1330,2603452,RANGING_REQ,-150,LISTENING,0
1331,2604138,RANGING_REQ,-150,LISTENING,0
1332,2604824,RANGING_REQ,-150,LISTENING,0
1333,2605509,RANGING_REQ,-150,LISTENING,0
1334,2606195,RANGING_REQ,-150,LISTENING,0
1335,2606880,RANGING_REQ,-150,LISTENING,0
1336,2607565,RANGING_REQ,-150,LISTENING,0
1337,2608251,RANGING_REQ,-150,LISTENING,0
1338,2608936,RANGING_REQ,-150,LISTENING,0
1339,2609625,RANGING_REQ,-150,LISTENING,0
1340,2610311,RANGING_REQ,-150,LISTENING,0
1341,2610996,RANGING_REQ,-150,LISTENING,0
1342,2611681,RANGING_REQ,-150,LISTENING,0
1343,2612367,RANGING_REQ,-150,LISTENING,0
1344,2613052,RANGING_REQ,-150,LISTENING,0
1345,2613737,RANGING_REQ,-150,LISTENING,0
1346,2614423,RANGING_REQ,-150,LISTENING,0
1347,2615108,RANGING_REQ,-150,LISTENING,0
1348,2615793,RANGING_REQ,-150,LISTENING,0
1349,2616484,RANGING_REQ,-150,LISTENING,0
1350,2617169,RANGING_REQ,-150,LISTENING,0
1351,2617854,RANGING_REQ,-150,LISTENING,0
1352,2618540,RANGING_REQ,-150,LISTENING,0
1353,2619225,RANGING_REQ,-150,LISTENING,0
1354,2619910,RANGING_REQ,-150,LISTENING,0
1355,2620596,RANGING_REQ,-150,LISTENING,0
1356,2621281,RANGING_REQ,-150,LISTENING,0
1357,2621966,RANGING_REQ,-150,LISTENING,0
1358,2622651,RANGING_REQ,-150,LISTENING,0
1359,2623341,RANGING_REQ,-150,LISTENING,0
1360,2624027,RANGING_REQ,-150,LISTENING,0
1361,2624712,RANGING_REQ,-150,LISTENING,0
1362,2625398,RANGING_REQ,-150,LISTENING,0
1363,2626083,RANGING_REQ,-150,LISTENING,0
1364,2626768,RANGING_REQ,-150,LISTENING,0
1365,2627453,RANGING_REQ,-150,LISTENING,0
1366,2628139,RANGING_REQ,-150,LISTENING,0
1367,2628824,RANGING_REQ,-150,LISTENING,0
1368,2629509,RANGING_REQ,-150,LISTENING,0
1369,2630199,RANGING_REQ,-150,LISTENING,0
1370,2630885,RANGING_REQ,-150,LISTENING,0
1371,2631570,RANGING_REQ,-150,LISTENING,0
1372,2632256,RANGING_REQ,-150,LISTENING,0
1373,2632941,RANGING_REQ,-150,LISTENING,0
1374,2633626,RANGING_REQ,-150,LISTENING,0
1375,2634312,RANGING_REQ,-150,LISTENING,0
1376,2634997,RANGING_REQ,-150,LISTENING,0
1377,2635682,RANGING_REQ,-150,LISTENING,0
1378,2636368,RANGING_REQ,-150,LISTENING,0
1379,2637058,RANGING_REQ,-150,LISTENING,0
1380,2637744,RANGING_REQ,-150,LISTENING,0
1381,2638429,RANGING_REQ,-150,LISTENING,0
1382,2639115,RANGING_REQ,-150,LISTENING,0
1383,2639800,RANGING_REQ,-150,LISTENING,0
1384,2640485,RANGING_REQ,-150,LISTENING,0
1385,2641171,RANGING_REQ,-150,LISTENING,0
1386,2641856,RANGING_REQ,-150,LISTENING,0
1387,2642542,RANGING_REQ,-150,LISTENING,0
1388,2643227,RANGING_REQ,-150,LISTENING,0
1389,2643917,RANGING_REQ,-150,LISTENING,0
1390,2644603,RANGING_REQ,-150,LISTENING,0
1391,2645288,RANGING_REQ,-150,LISTENING,0
1392,2645974,RANGING_REQ,-150,LISTENING,0
1393,2646659,RANGING_REQ,-150,LISTENING,0
1394,2647345,RANGING_REQ,-150,LISTENING,0
1395,2648030,RANGING_REQ,-150,LISTENING,0
1396,2648715,RANGING_REQ,-150,LISTENING,0
1397,2649401,RANGING_REQ,-150,LISTENING,0
1398,2650086,RANGING_REQ,-150,LISTENING,0
1399,2650776,RANGING_REQ,-150,LISTENING,0
1400,2651462,RANGING_REQ,-150,LISTENING,0
1401,2652147,RANGING_REQ,-150,LISTENING,0
1402,2652833,RANGING_REQ,-150,LISTENING,0
1403,2653519,RANGING_REQ,-150,LISTENING,0
1404,2654204,RANGING_REQ,-150,LISTENING,0
1405,2654890,RANGING_REQ,-150,LISTENING,0
1406,2655575,RANGING_REQ,-150,LISTENING,0
1407,2656261,RANGING_REQ,-150,LISTENING,0
1408,2656946,RANGING_REQ,-150,LISTENING,0
1409,2657636,RANGING_REQ,-150,LISTENING,0
1410,2658322,RANGING_REQ,-150,LISTENING,0
1411,2659007,RANGING_REQ,-150,LISTENING,0
1412,2659693,RANGING_REQ,-150,LISTENING,0
1413,2660379,RANGING_REQ,-150,LISTENING,0
1414,2661064,RANGING_REQ,-150,LISTENING,0
1415,2661750,RANGING_REQ,-150,LISTENING,0
1416,2662436,RANGING_REQ,-150,LISTENING,0
1417,2663121,RANGING_REQ,-150,LISTENING,0
1418,2663807,RANGING_REQ,-150,LISTENING,0
1419,2664497,RANGING_REQ,-150,LISTENING,0
1420,2665182,RANGING_REQ,-150,LISTENING,0
1421,2665868,RANGING_REQ,-150,LISTENING,0
1422,2666553,RANGING_REQ,-150,LISTENING,0
1423,2667239,RANGING_REQ,-150,LISTENING,0
1424,2667925,RANGING_REQ,-150,LISTENING,0
1425,2668610,RANGING_REQ,-150,LISTENING,0
1426,2669296,RANGING_REQ,-150,LISTENING,0
1427,2669981,RANGING_REQ,-150,LISTENING,0
1428,2670667,RANGING_REQ,-150,LISTENING,0
1429,2671357,RANGING_REQ,-150,LISTENING,0
1430,2672042,RANGING_REQ,-150,LISTENING,0
1431,2672728,RANGING_REQ,-150,LISTENING,0
1432,2673414,RANGING_REQ,-150,LISTENING,0
1433,2674099,RANGING_REQ,-150,LISTENING,0
1434,2674786,RANGING_REQ,-150,LISTENING,0
1435,2675472,RANGING_REQ,-150,LISTENING,0
1436,2676157,RANGING_REQ,-150,LISTENING,0
1437,2676843,RANGING_REQ,-150,LISTENING,0
1438,2677529,RANGING_REQ,-150,LISTENING,0
1439,2678220,RANGING_REQ,-150,LISTENING,0
1440,2678906,RANGING_REQ,-150,LISTENING,0
1441,2679592,RANGING_REQ,-150,LISTENING,0
1442,2680278,RANGING_REQ,-150,LISTENING,0
1443,2680963,RANGING_REQ,-150,LISTENING,0
1444,2681649,RANGING_REQ,-150,LISTENING,0
1445,2682335,RANGING_REQ,-150,LISTENING,0
1446,2683021,RANGING_REQ,-150,LISTENING,0
1447,2683706,RANGING_REQ,-150,LISTENING,0
1448,2684392,RANGING_REQ,-150,LISTENING,0
1449,2685082,RANGING_REQ,-150,LISTENING,0
1450,2685767,RANGING_REQ,-150,LISTENING,0
1451,2686453,RANGING_REQ,-150,LISTENING,0
1452,2687139,RANGING_REQ,-150,LISTENING,0
1453,2687825,RANGING_REQ,-150,LISTENING,0
1454,2688511,RANGING_REQ,-150,LISTENING,0
1455,2689197,RANGING_REQ,-150,LISTENING,0
1456,2689882,RANGING_REQ,-150,LISTENING,0
1457,2690568,RANGING_REQ,-150,LISTENING,0
1458,2691254,RANGING_REQ,-150,LISTENING,0
1459,2691945,RANGING_REQ,-150,LISTENING,0
1460,2692631,RANGING_REQ,-150,LISTENING,0
1461,2693317,RANGING_REQ,-150,LISTENING,0
1462,2694003,RANGING_REQ,-150,LISTENING,0
1463,2694688,RANGING_REQ,-150,LISTENING,0
1464,2695374,RANGING_REQ,-150,LISTENING,0
1465,2696060,RANGING_REQ,-150,LISTENING,0
1466,2696746,RANGING_REQ,-150,LISTENING,0
1467,2697432,RANGING_REQ,-150,LISTENING,0
1468,2698118,RANGING_REQ,-150,LISTENING,0
1469,2698809,RANGING_REQ,-150,LISTENING,0
1470,2699495,RANGING_REQ,-150,LISTENING,0
1471,2700180,RANGING_REQ,-150,LISTENING,0
1472,2700866,RANGING_REQ,-150,LISTENING,0
1473,2701552,RANGING_REQ,-150,LISTENING,0
1474,2702238,RANGING_REQ,-150,LISTENING,0
1475,2702924,RANGING_REQ,-150,LISTENING,0
1476,2703610,RANGING_REQ,-150,LISTENING,0
1477,2704296,RANGING_REQ,-150,LISTENING,0
1478,2704982,RANGING_REQ,-150,LISTENING,0
1479,2705673,RANGING_REQ,-150,LISTENING,0
1480,2706358,RANGING_REQ,-150,LISTENING,0
1481,2707044,RANGING_REQ,-150,LISTENING,0
1482,2707730,RANGING_REQ,-150,LISTENING,0
1483,2708416,RANGING_REQ,-150,LISTENING,0
1484,2709102,RANGING_REQ,-150,LISTENING,0
1485,2709788,RANGING_REQ,-150,LISTENING,0
1486,2710474,RANGING_REQ,-150,LISTENING,0
1487,2711161,RANGING_REQ,-150,LISTENING,0
1488,2711847,RANGING_REQ,-150,LISTENING,0
1489,2712538,RANGING_REQ,-150,LISTENING,0
1490,2713224,RANGING_REQ,-150,LISTENING,0
1491,2713910,RANGING_REQ,-150,LISTENING,0
1492,2714596,RANGING_REQ,-150,LISTENING,0
1493,2715282,RANGING_REQ,-150,LISTENING,0
1494,2715968,RANGING_REQ,-150,LISTENING,0
1495,2716654,RANGING_REQ,-150,LISTENING,0
1496,2717339,RANGING_REQ,-150,LISTENING,0
1497,2718025,RANGING_REQ,-150,LISTENING,0
1498,2718711,RANGING_REQ,-150,LISTENING,0
1499,2719402,RANGING_REQ,-150,LISTENING,0
1500,2720089,RANGING_REQ,-150,LISTENING,0
1501,2720775,RANGING_REQ,-150,LISTENING,0
1502,2721461,RANGING_REQ,-150,LISTENING,0
1503,2722147,RANGING_REQ,-150,LISTENING,0
1504,2722833,RANGING_REQ,-150,LISTENING,0
1505,2723519,RANGING_REQ,-150,LISTENING,0
1506,2724205,RANGING_REQ,-150,LISTENING,0
1507,2724891,RANGING_REQ,-150,LISTENING,0
1508,2725578,RANGING_REQ,-150,LISTENING,0
1509,2726268,RANGING_REQ,-150,LISTENING,0
1510,2726955,RANGING_REQ,-150,LISTENING,0
1511,2727641,RANGING_REQ,-150,LISTENING,0
1512,2728327,RANGING_REQ,-150,LISTENING,0
1513,2729013,RANGING_REQ,-150,LISTENING,0
1514,2729699,RANGING_REQ,-150,LISTENING,0
1515,2730385,RANGING_REQ,-150,LISTENING,0
1516,2731071,RANGING_REQ,-150,LISTENING,0
1517,2731756,RANGING_REQ,-150,LISTENING,0
1518,2732442,RANGING_REQ,-150,LISTENING,0
1519,2733133,RANGING_REQ,-150,LISTENING,0
1520,2733819,RANGING_REQ,-150,LISTENING,0
1521,2734505,RANGING_REQ,-150,LISTENING,0
1522,2735191,RANGING_REQ,-150,LISTENING,0
1523,2735877,RANGING_REQ,-150,LISTENING,0
1524,2736563,RANGING_REQ,-150,LISTENING,0
1525,2737249,RANGING_REQ,-150,LISTENING,0
1526,2737936,RANGING_REQ,-150,LISTENING,0
1527,2738622,RANGING_REQ,-150,LISTENING,0
1528,2739308,RANGING_REQ,-150,LISTENING,0
1529,2739998,RANGING_REQ,-150,LISTENING,0
1530,2740684,RANGING_REQ,-150,LISTENING,0
1531,2741370,RANGING_REQ,-150,LISTENING,0
1532,2742056,RANGING_REQ,-150,LISTENING,0
1533,2742741,RANGING_REQ,-150,LISTENING,0
1534,2743427,RANGING_REQ,-150,LISTENING,0
1535,2744113,RANGING_REQ,-150,LISTENING,0
1536,2744799,RANGING_REQ,-150,LISTENING,0
1537,2745485,RANGING_REQ,-150,LISTENING,0
1538,2746171,RANGING_REQ,-150,LISTENING,0
1539,2746863,RANGING_REQ,-150,LISTENING,0
1540,2747549,RANGING_REQ,-150,LISTENING,0
1541,2748235,RANGING_REQ,-150,LISTENING,0
1542,2748922,RANGING_REQ,-150,LISTENING,0
1543,2749608,RANGING_REQ,-150,LISTENING,0
1544,2750294,RANGING_REQ,-150,LISTENING,0
1545,2750981,RANGING_REQ,-150,LISTENING,0
1546,2751667,RANGING_REQ,-150,LISTENING,0
1547,2752354,RANGING_REQ,-150,LISTENING,0
1548,2753040,RANGING_REQ,-150,LISTENING,0
1549,2753731,RANGING_REQ,-150,LISTENING,0
1550,2754418,RANGING_REQ,-150,LISTENING,0
1551,2755105,RANGING_REQ,-150,LISTENING,0
1552,2755791,RANGING_REQ,-150,LISTENING,0
1553,2756478,RANGING_REQ,-150,LISTENING,0
1554,2757164,RANGING_REQ,-150,LISTENING,0
1555,2757851,RANGING_REQ,-150,LISTENING,0
1556,2758538,RANGING_REQ,-150,LISTENING,0
1557,2759224,RANGING_REQ,-150,LISTENING,0
1558,2759910,RANGING_REQ,-150,LISTENING,0
1559,2760601,RANGING_REQ,-150,LISTENING,0
1560,2761287,RANGING_REQ,-150,LISTENING,0
1561,2761974,RANGING_REQ,-150,LISTENING,0
1562,2762660,RANGING_REQ,-150,LISTENING,0
1563,2763346,RANGING_REQ,-150,LISTENING,0
1564,2764032,RANGING_REQ,-150,LISTENING,0
1565,2764719,RANGING_REQ,-150,LISTENING,0
1566,2765405,RANGING_REQ,-150,LISTENING,0
1567,2766091,RANGING_REQ,-150,LISTENING,0
1568,2766777,RANGING_REQ,-150,LISTENING,0
1569,2767468,RANGING_REQ,-150,LISTENING,0
1570,2768154,RANGING_REQ,-150,LISTENING,0
1571,2768841,RANGING_REQ,-150,LISTENING,0
1572,2769527,RANGING_REQ,-150,LISTENING,0
1573,2770213,RANGING_REQ,-150,LISTENING,0
1574,2770899,RANGING_REQ,-150,LISTENING,0
1575,2771586,RANGING_REQ,-150,LISTENING,0
1576,2772272,RANGING_REQ,-150,LISTENING,0
1577,2772958,RANGING_REQ,-150,LISTENING,0
1578,2773645,RANGING_REQ,-150,LISTENING,0
1579,2774336,RANGING_REQ,-150,LISTENING,0
1580,2775023,RANGING_REQ,-150,LISTENING,0
1581,2775709,RANGING_REQ,-150,LISTENING,0
1582,2776396,RANGING_REQ,-150,LISTENING,0
1583,2777082,RANGING_REQ,-150,LISTENING,0
1584,2777769,RANGING_REQ,-150,LISTENING,0
1585,2778455,RANGING_REQ,-150,LISTENING,0
1586,2779142,RANGING_REQ,-150,LISTENING,0
1587,2779829,RANGING_REQ,-150,LISTENING,0
1588,2780515,RANGING_REQ,-150,LISTENING,0
1589,2781207,RANGING_REQ,-150,LISTENING,0
1590,2781893,RANGING_REQ,-150,LISTENING,0
1591,2782579,RANGING_REQ,-150,LISTENING,0
1592,2783266,RANGING_REQ,-150,LISTENING,0
1593,2783953,RANGING_REQ,-150,LISTENING,0
1594,2784639,RANGING_REQ,-150,LISTENING,0
1595,2785326,RANGING_REQ,-150,LISTENING,0
1596,2786013,RANGING_REQ,-150,LISTENING,0
1597,2786699,RANGING_REQ,-150,LISTENING,0
1598,2787386,RANGING_REQ,-150,LISTENING,0
1599,2788077,RANGING_REQ,-150,LISTENING,0
1600,2788764,RANGING_REQ,-150,LISTENING,0
1601,2789450,RANGING_REQ,-150,LISTENING,0
1602,2790137,RANGING_REQ,-150,LISTENING,0
1603,2790824,RANGING_REQ,-150,LISTENING,0
1604,2791510,RANGING_REQ,-150,LISTENING,0
1605,2792196,RANGING_REQ,-150,LISTENING,0
1606,2792883,RANGING_REQ,-150,LISTENING,0
1607,2793569,RANGING_REQ,-150,LISTENING,0
1608,2794255,RANGING_REQ,-150,LISTENING,0
1609,2794946,RANGING_REQ,-150,LISTENING,0
1610,2795632,RANGING_REQ,-150,LISTENING,0
1611,2796318,RANGING_REQ,-150,LISTENING,0
1612,2797004,RANGING_REQ,-150,LISTENING,0
1613,2797689,RANGING_REQ,-150,LISTENING,0
1614,2798375,RANGING_REQ,-150,LISTENING,0
1615,2799061,RANGING_REQ,-150,LISTENING,0
1616,2799748,RANGING_REQ,-150,LISTENING,0
1617,2800434,RANGING_REQ,-150,LISTENING,0
1618,2801120,RANGING_REQ,-150,LISTENING,0
1619,2801811,RANGING_REQ,-150,LISTENING,0
1620,2802497,RANGING_REQ,-150,LISTENING,0
1621,2803183,RANGING_REQ,-150,LISTENING,0
1622,2803869,RANGING_REQ,-150,LISTENING,0
1623,2804556,RANGING_REQ,-150,LISTENING,0
1624,2805242,RANGING_REQ,-150,LISTENING,0
1625,2805928,RANGING_REQ,-150,LISTENING,0
1626,2806614,RANGING_REQ,-150,LISTENING,0
1627,2807300,RANGING_REQ,-150,LISTENING,0
1628,2807986,RANGING_REQ,-150,LISTENING,0
1629,2808677,RANGING_REQ,-150,LISTENING,0
1630,2809363,RANGING_REQ,-150,LISTENING,0
1631,2810048,RANGING_REQ,-150,LISTENING,0
1632,2810734,RANGING_REQ,-150,LISTENING,0
1633,2811420,RANGING_REQ,-150,LISTENING,0
1634,2812106,RANGING_REQ,-150,LISTENING,0
1635,2812792,RANGING_REQ,-150,LISTENING,0
1636,2813478,RANGING_REQ,-150,LISTENING,0
1637,2814164,RANGING_REQ,-150,LISTENING,0
1638,2814849,RANGING_REQ,-150,LISTENING,0
1639,2815541,RANGING_REQ,-150,LISTENING,0
1640,2816226,RANGING_REQ,-150,LISTENING,0
1641,2816912,RANGING_REQ,-150,LISTENING,0
1642,2817598,RANGING_REQ,-150,LISTENING,0
1643,2818284,RANGING_REQ,-150,LISTENING,0
1644,2818970,RANGING_REQ,-150,LISTENING,0
1645,2819656,RANGING_REQ,-150,LISTENING,0
1646,2820342,RANGING_REQ,-150,LISTENING,0
1647,2821028,RANGING_REQ,-150,LISTENING,0
1648,2821715,RANGING_REQ,-150,LISTENING,0
1649,2822406,RANGING_REQ,-150,LISTENING,0
1650,2823092,RANGING_REQ,-150,LISTENING,0
1651,2823778,RANGING_REQ,-150,LISTENING,0
1652,2824463,RANGING_REQ,-150,LISTENING,0
1653,2825149,RANGING_REQ,-150,LISTENING,0
1654,2825835,RANGING_REQ,-150,LISTENING,0
1655,2826521,RANGING_REQ,-150,LISTENING,0
1656,2827207,RANGING_REQ,-150,LISTENING,0
1657,2827893,RANGING_REQ,-150,LISTENING,0
1658,2828579,RANGING_REQ,-150,LISTENING,0
1659,2829269,RANGING_REQ,-150,LISTENING,0
1660,2829955,RANGING_REQ,-150,LISTENING,0
1661,2830641,RANGING_REQ,-150,LISTENING,0
1662,2831327,RANGING_REQ,-150,LISTENING,0
1663,2832013,RANGING_REQ,-150,LISTENING,0
1664,2832699,RANGING_REQ,-150,LISTENING,0
1665,2833385,RANGING_REQ,-150,LISTENING,0
1666,2834071,RANGING_REQ,-150,LISTENING,0
1667,2834757,RANGING_REQ,-150,LISTENING,0
1668,2835442,RANGING_REQ,-150,LISTENING,0
1669,2836133,RANGING_REQ,-150,LISTENING,0
1670,2836819,RANGING_REQ,-150,LISTENING,0
1671,2837505,RANGING_REQ,-150,LISTENING,0
1672,2838191,RANGING_REQ,-150,LISTENING,0
1673,2838877,RANGING_REQ,-150,LISTENING,0
1674,2839563,RANGING_REQ,-150,LISTENING,0
1675,2840248,RANGING_REQ,-150,LISTENING,0
1676,2840934,RANGING_REQ,-150,LISTENING,0
1677,2841620,RANGING_REQ,-150,LISTENING,0
1678,2842306,RANGING_REQ,-150,LISTENING,0
1679,2842997,RANGING_REQ,-150,LISTENING,0
1680,2843683,RANGING_REQ,-150,LISTENING,0
1681,2844369,RANGING_REQ,-150,LISTENING,0
1682,2845055,RANGING_REQ,-150,LISTENING,0
1683,2845741,RANGING_REQ,-150,LISTENING,0
1684,2846426,RANGING_REQ,-150,LISTENING,0
1685,2847112,RANGING_REQ,-150,LISTENING,0
1686,2847798,RANGING_REQ,-150,LISTENING,0
1687,2848484,RANGING_REQ,-150,LISTENING,0
1688,2857054,RANGING_REQ,-150,LISTENING,0
1689,2857740,RANGING_REQ,-150,LISTENING,0
1690,2858425,RANGING_REQ,-150,LISTENING,0
1691,2859111,RANGING_REQ,-150,LISTENING,0
1692,2859796,RANGING_REQ,-150,LISTENING,0
1693,2860482,RANGING_REQ,-150,LISTENING,0
1694,2861167,RANGING_REQ,-150,LISTENING,0
1695,2927998,RANGING_REQ,-150,LISTENING,0
1696,2928685,RANGING_REQ,-150,LISTENING,0
1697,2929371,RANGING_REQ,-150,LISTENING,0
1698,2930057,RANGING_REQ,-150,LISTENING,0
1699,2930743,RANGING_REQ,-150,LISTENING,0
1700,2931429,RANGING_REQ,-150,LISTENING,0
1701,2932115,RANGING_REQ,-150,LISTENING,0
1702,2932801,RANGING_REQ,-150,LISTENING,0
1703,2933487,RANGING_REQ,-150,LISTENING,0
1704,2958303,RANGING_REQ,-150,LISTENING,0
1705,2958989,RANGING_REQ,-150,LISTENING,0
1706,2959675,RANGING_REQ,-150,LISTENING,0
1707,2960361,RANGING_REQ,-150,LISTENING,0
1708,2961047,RANGING_REQ,-150,LISTENING,0
1709,2961733,RANGING_REQ,-150,LISTENING,0
1710,2962420,RANGING_REQ,-150,LISTENING,0
1711,2963106,RANGING_REQ,-150,LISTENING,0
1712,2963792,RANGING_REQ,-150,LISTENING,0
1713,2964478,RANGING_REQ,-150,LISTENING,0
1714,2965169,RANGING_REQ,-150,LISTENING,0
1715,2965855,RANGING_REQ,-150,LISTENING,0
1716,2966541,RANGING_REQ,-150,LISTENING,0
1717,2967227,RANGING_REQ,-150,LISTENING,0
1718,2967912,RANGING_REQ,-150,LISTENING,0
1719,2968598,RANGING_REQ,-150,LISTENING,0
1720,2969284,RANGING_REQ,-150,LISTENING,0
1721,2969970,RANGING_REQ,-150,LISTENING,0
1722,2970656,RANGING_REQ,-150,LISTENING,0
1723,2971342,RANGING_REQ,-150,LISTENING,0
1724,2972032,RANGING_REQ,-150,LISTENING,0
1725,2972718,RANGING_REQ,-150,LISTENING,0
1726,2973404,RANGING_REQ,-150,LISTENING,0
1727,2974090,RANGING_REQ,-150,LISTENING,0
1728,2974776,RANGING_REQ,-150,LISTENING,0
1729,2975462,RANGING_REQ,-150,LISTENING,0
1730,2976148,RANGING_REQ,-150,LISTENING,0
1731,2976834,RANGING_REQ,-150,LISTENING,0
1732,2977520,RANGING_REQ,-150,LISTENING,0
1733,2978206,RANGING_REQ,-150,LISTENING,0
1734,2978896,RANGING_REQ,-150,LISTENING,0
1735,2979582,RANGING_REQ,-150,LISTENING,0
1736,2980268,RANGING_REQ,-150,LISTENING,0
1737,2980954,RANGING_REQ,-150,LISTENING,0
1738,2981640,RANGING_REQ,-150,LISTENING,0
1739,2982326,RANGING_REQ,-150,LISTENING,0
1740,2983012,RANGING_REQ,-150,LISTENING,0
1741,2983699,RANGING_REQ,-150,LISTENING,0
1742,2984385,RANGING_REQ,-150,LISTENING,0
1743,2985071,RANGING_REQ,-150,LISTENING,0
1744,2985761,RANGING_REQ,-150,LISTENING,0
1745,2986447,RANGING_REQ,-150,LISTENING,0
1746,2987133,RANGING_REQ,-150,LISTENING,0
1747,2987819,RANGING_REQ,-150,LISTENING,0
1748,2988505,RANGING_REQ,-150,LISTENING,0
1749,2989191,RANGING_REQ,-150,LISTENING,0
1750,2989877,RANGING_REQ,-150,LISTENING,0
1751,2990563,RANGING_REQ,-150,LISTENING,0
1752,2991250,RANGING_REQ,-150,LISTENING,0
1753,2991936,RANGING_REQ,-150,LISTENING,0
1754,2992626,RANGING_REQ,-150,LISTENING,0
1755,2993312,RANGING_REQ,-150,LISTENING,0
1756,2993998,RANGING_REQ,-150,LISTENING,0
1757,2994685,RANGING_REQ,-150,LISTENING,0
1758,2995371,RANGING_REQ,-150,LISTENING,0
1759,2996057,RANGING_REQ,-150,LISTENING,0
1760,2996743,RANGING_REQ,-150,LISTENING,0
1761,2997429,RANGING_REQ,-150,LISTENING,0
1762,2998115,RANGING_REQ,-150,LISTENING,0
1763,2998801,RANGING_REQ,-150,LISTENING,0
1764,2999492,RANGING_REQ,-150,LISTENING,0
1765,3000178,RANGING_REQ,-150,LISTENING,0
1766,3000864,RANGING_REQ,-150,LISTENING,0
1767,3001550,RANGING_REQ,-150,LISTENING,0
1768,3002236,RANGING_REQ,-150,LISTENING,0
1769,3002922,RANGING_REQ,-150,LISTENING,0
1770,3003608,RANGING_REQ,-150,LISTENING,0
1771,3004294,RANGING_REQ,-150,LISTENING,0
1772,3004980,RANGING_REQ,-150,LISTENING,0
1773,3005667,RANGING_REQ,-150,LISTENING,0
1774,3006358,RANGING_REQ,-150,LISTENING,0
1775,3007044,RANGING_REQ,-150,LISTENING,0
1776,3007730,RANGING_REQ,-150,LISTENING,0
1777,3008416,RANGING_REQ,-150,LISTENING,0
1778,3009102,RANGING_REQ,-150,LISTENING,0
1779,3009788,RANGING_REQ,-150,LISTENING,0
1780,3010474,RANGING_REQ,-150,LISTENING,0
1781,3011160,RANGING_REQ,-150,LISTENING,0
1782,3011846,RANGING_REQ,-150,LISTENING,0
1783,3012532,RANGING_REQ,-150,LISTENING,0
1784,3013223,RANGING_REQ,-150,LISTENING,0
1785,3013909,RANGING_REQ,-150,LISTENING,0
1786,3014595,RANGING_REQ,-150,LISTENING,0
1787,3015281,RANGING_REQ,-150,LISTENING,0
1788,3015967,RANGING_REQ,-150,LISTENING,0
1789,3016653,RANGING_REQ,-150,LISTENING,0
1790,3017339,RANGING_REQ,-150,LISTENING,0
1791,3018025,RANGING_REQ,-150,LISTENING,0
1792,3018711,RANGING_REQ,-150,LISTENING,0
1793,3019397,RANGING_REQ,-150,LISTENING,0
1794,3020088,RANGING_REQ,-150,LISTENING,0
1795,3020774,RANGING_REQ,-150,LISTENING,0
1796,3021460,RANGING_REQ,-150,LISTENING,0
1797,3022146,RANGING_REQ,-150,LISTENING,0
1798,3022832,RANGING_REQ,-150,LISTENING,0
1799,3023518,RANGING_REQ,-150,LISTENING,0
1800,3024204,RANGING_REQ,-150,LISTENING,0
1801,3024890,RANGING_REQ,-150,LISTENING,0
1802,3025576,RANGING_REQ,-150,LISTENING,0
1803,3026262,RANGING_REQ,-150,LISTENING,0
1804,3026952,RANGING_REQ,-150,LISTENING,0
1805,3027638,RANGING_REQ,-150,LISTENING,0
1806,3028324,RANGING_REQ,-150,LISTENING,0
1807,3029010,RANGING_REQ,-150,LISTENING,0
1808,3029696,RANGING_REQ,-150,LISTENING,0
1809,3030382,RANGING_REQ,-150,LISTENING,0
1810,3031068,RANGING_REQ,-150,LISTENING,0
1811,3031754,RANGING_REQ,-150,LISTENING,0
1812,3032440,RANGING_REQ,-150,LISTENING,0
1813,3033126,RANGING_REQ,-150,LISTENING,0
1814,3033817,RANGING_REQ,-150,LISTENING,0
1815,3034503,RANGING_REQ,-150,LISTENING,0
1816,3035189,RANGING_REQ,-150,LISTENING,0
1817,3035874,RANGING_REQ,-150,LISTENING,0
1818,3036560,RANGING_REQ,-150,LISTENING,0
1819,3037246,RANGING_REQ,-150,LISTENING,0
1820,3037932,RANGING_REQ,-150,LISTENING,0
1821,3038617,RANGING_REQ,-150,LISTENING,0
1822,3039303,RANGING_REQ,-150,LISTENING,0
1823,3039989,RANGING_REQ,-150,LISTENING,0
1824,3040680,RANGING_REQ,-150,LISTENING,0
1825,3041366,RANGING_REQ,-150,LISTENING,0
1826,3042051,RANGING_REQ,-150,LISTENING,0
1827,3042737,RANGING_REQ,-150,LISTENING,0
1828,3043422,RANGING_REQ,-150,LISTENING,0
1829,3044107,RANGING_REQ,-150,LISTENING,0
1830,3044793,RANGING_REQ,-150,LISTENING,0
1831,3045478,RANGING_REQ,-150,LISTENING,0
1832,3046164,RANGING_REQ,-150,LISTENING,0
1833,3046850,RANGING_REQ,-150,LISTENING,0
1834,3047541,RANGING_REQ,-150,LISTENING,0
1835,3048227,RANGING_REQ,-150,LISTENING,0
1836,3048913,RANGING_REQ,-150,LISTENING,0
1837,3049599,RANGING_REQ,-150,LISTENING,0
1838,3050285,RANGING_REQ,-150,LISTENING,0
1839,3050971,RANGING_REQ,-150,LISTENING,0
1840,3051657,RANGING_REQ,-150,LISTENING,0
1841,3052343,RANGING_REQ,-150,LISTENING,0
1842,3053028,RANGING_REQ,-150,LISTENING,0
1843,3053714,RANGING_REQ,-150,LISTENING,0
1844,3054405,RANGING_REQ,-150,LISTENING,0
1845,3055090,RANGING_REQ,-150,LISTENING,0
1846,3055776,RANGING_REQ,-150,LISTENING,0
1847,3056461,RANGING_REQ,-150,LISTENING,0
1848,3057147,RANGING_REQ,-150,LISTENING,0
1849,3057832,RANGING_REQ,-150,LISTENING,0
1850,3058518,RANGING_REQ,-150,LISTENING,0
1851,3059204,RANGING_REQ,-150,LISTENING,0
1852,3059889,RANGING_REQ,-150,LISTENING,0
1853,3060575,RANGING_REQ,-150,LISTENING,0
1854,3061265,RANGING_REQ,-150,LISTENING,0
1855,3061951,RANGING_REQ,-150,LISTENING,0
1856,3062636,RANGING_REQ,-150,LISTENING,0
1857,3063322,RANGING_REQ,-150,LISTENING,0
1858,3064007,RANGING_REQ,-150,LISTENING,0
1859,3064692,RANGING_REQ,-150,LISTENING,0
1860,3065378,RANGING_REQ,-150,LISTENING,0
1861,3066063,RANGING_REQ,-150,LISTENING,0
1862,3066749,RANGING_REQ,-150,LISTENING,0
1863,3067434,RANGING_REQ,-150,LISTENING,0
1864,3068124,RANGING_REQ,-150,LISTENING,0
1865,3068810,RANGING_REQ,-150,LISTENING,0
1866,3069495,RANGING_REQ,-150,LISTENING,0
1867,3070180,RANGING_REQ,-150,LISTENING,0
1868,3070866,RANGING_REQ,-150,LISTENING,0
1869,3071551,RANGING_REQ,-150,LISTENING,0
1870,3072237,RANGING_REQ,-150,LISTENING,0
1871,3072922,RANGING_REQ,-150,LISTENING,0
1872,3073607,RANGING_REQ,-150,LISTENING,0
1873,3074293,RANGING_REQ,-150,LISTENING,0
1874,3074983,RANGING_REQ,-150,LISTENING,0
1875,3075668,RANGING_REQ,-150,LISTENING,0
1876,3076354,RANGING_REQ,-150,LISTENING,0
1877,3077039,RANGING_REQ,-150,LISTENING,0
1878,3077724,RANGING_REQ,-150,LISTENING,0
1879,3078410,RANGING_REQ,-150,LISTENING,0
1880,3079095,RANGING_REQ,-150,LISTENING,0
1881,3079781,RANGING_REQ,-150,LISTENING,0
1882,3080466,RANGING_REQ,-150,LISTENING,0
1883,3081151,RANGING_REQ,-150,LISTENING,0
1884,3081842,RANGING_REQ,-150,LISTENING,0
1885,3082527,RANGING_REQ,-150,LISTENING,0
1886,3083213,RANGING_REQ,-150,LISTENING,0
1887,3083898,RANGING_REQ,-150,LISTENING,0
1888,3084583,RANGING_REQ,-150,LISTENING,0
1889,3085269,RANGING_REQ,-150,LISTENING,0
1890,3085954,RANGING_REQ,-150,LISTENING,0
1891,3086640,RANGING_REQ,-150,LISTENING,0
1892,3087325,RANGING_REQ,-150,LISTENING,0
1893,3088011,RANGING_REQ,-150,LISTENING,0
1894,3088700,RANGING_REQ,-150,LISTENING,0
1895,3089386,RANGING_REQ,-150,LISTENING,0
1896,3090071,RANGING_REQ,-150,LISTENING,0
1897,3090757,RANGING_REQ,-150,LISTENING,0
1898,3091442,RANGING_REQ,-150,LISTENING,0
1899,3092127,RANGING_REQ,-150,LISTENING,0
1900,3092813,RANGING_REQ,-150,LISTENING,0
1901,3093498,RANGING_REQ,-150,LISTENING,0
1902,3094184,RANGING_REQ,-150,LISTENING,0
1903,3094869,RANGING_REQ,-150,LISTENING,0
1904,3095559,RANGING_REQ,-150,LISTENING,0
1905,3096244,RANGING_REQ,-150,LISTENING,0
1906,3096929,RANGING_REQ,-150,LISTENING,0
1907,3097615,RANGING_REQ,-150,LISTENING,0
1908,3098300,RANGING_REQ,-150,LISTENING,0
1909,3098985,RANGING_REQ,-150,LISTENING,0
1910,3099671,RANGING_REQ,-150,LISTENING,0
1911,3100356,RANGING_REQ,-150,LISTENING,0
1912,3101042,RANGING_REQ,-150,LISTENING,0
1913,3101727,RANGING_REQ,-150,LISTENING,0
1914,3102418,RANGING_REQ,-150,LISTENING,0
1915,3103103,RANGING_REQ,-150,LISTENING,0
1916,3103788,RANGING_REQ,-150,LISTENING,0
1917,3104473,RANGING_REQ,-150,LISTENING,0
1918,3105159,RANGING_REQ,-150,LISTENING,0
1919,3105844,RANGING_REQ,-150,LISTENING,0
1920,3106529,RANGING_REQ,-150,LISTENING,0
1921,3107215,RANGING_REQ,-150,LISTENING,0
1922,3107900,RANGING_REQ,-150,LISTENING,0
1923,3108585,RANGING_REQ,-150,LISTENING,0
1924,3109275,RANGING_REQ,-150,LISTENING,0
1925,3109961,RANGING_REQ,-150,LISTENING,0
1926,3110646,RANGING_REQ,-150,LISTENING,0
1927,3111331,RANGING_REQ,-150,LISTENING,0
1928,3112017,RANGING_REQ,-150,LISTENING,0
1929,3112702,RANGING_REQ,-150,LISTENING,0
1930,3113387,RANGING_REQ,-150,LISTENING,0
1931,3114073,RANGING_REQ,-150,LISTENING,0
1932,3114758,RANGING_REQ,-150,LISTENING,0
1933,3115443,RANGING_REQ,-150,LISTENING,0
1934,3116133,RANGING_REQ,-150,LISTENING,0
1935,3116819,RANGING_REQ,-150,LISTENING,0
1936,3117504,RANGING_REQ,-150,LISTENING,0
1937,3118189,RANGING_REQ,-150,LISTENING,0
1938,3118875,RANGING_REQ,-150,LISTENING,0
1939,3119560,RANGING_REQ,-150,LISTENING,0
1940,3120245,RANGING_REQ,-150,LISTENING,0
1941,3120931,RANGING_REQ,-150,LISTENING,0
1942,3121616,RANGING_REQ,-150,LISTENING,0
1943,3122301,RANGING_REQ,-150,LISTENING,0
1944,3122991,RANGING_REQ,-150,LISTENING,0
1945,3123676,RANGING_REQ,-150,LISTENING,0
1946,3124361,RANGING_REQ,-150,LISTENING,0
1947,3125047,RANGING_REQ,-150,LISTENING,0
1948,3125732,RANGING_REQ,-150,LISTENING,0
1949,3126418,RANGING_REQ,-150,LISTENING,0
1950,3127103,RANGING_REQ,-150,LISTENING,0
1951,3127788,RANGING_REQ,-150,LISTENING,0
1952,3128474,RANGING_REQ,-150,LISTENING,0
1953,3129159,RANGING_REQ,-150,LISTENING,0
1954,3129849,RANGING_REQ,-150,LISTENING,0
1955,3130534,RANGING_REQ,-150,LISTENING,0
1956,3131220,RANGING_REQ,-150,LISTENING,0
1957,3131905,RANGING_REQ,-150,LISTENING,0
1958,3132590,RANGING_REQ,-150,LISTENING,0
1959,3133276,RANGING_REQ,-150,LISTENING,0
1960,3133961,RANGING_REQ,-150,LISTENING,0
1961,3134646,RANGING_REQ,-150,LISTENING,0
1962,3135331,RANGING_REQ,-150,LISTENING,0
1963,3136017,RANGING_REQ,-150,LISTENING,0
1964,3136707,RANGING_REQ,-150,LISTENING,0
1965,3137392,RANGING_REQ,-150,LISTENING,0
1966,3138078,RANGING_REQ,-150,LISTENING,0
1967,3138763,RANGING_REQ,-150,LISTENING,0
1968,3139448,RANGING_REQ,-150,LISTENING,0
1969,3140133,RANGING_REQ,-150,LISTENING,0
1970,3140819,RANGING_REQ,-150,LISTENING,0
1971,3141504,RANGING_REQ,-150,LISTENING,0
1972,3142189,RANGING_REQ,-150,LISTENING,0
1973,3142875,RANGING_REQ,-150,LISTENING,0
1974,3143565,RANGING_REQ,-150,LISTENING,0
1975,3144250,RANGING_REQ,-150,LISTENING,0
1976,3144935,RANGING_REQ,-150,LISTENING,0
1977,3145621,RANGING_REQ,-150,LISTENING,0
1978,3146306,RANGING_REQ,-150,LISTENING,0
1979,3146991,RANGING_REQ,-150,LISTENING,0
1980,3147677,RANGING_REQ,-150,LISTENING,0
1981,3148362,RANGING_REQ,-150,LISTENING,0
1982,3149048,RANGING_REQ,-150,LISTENING,0
1983,3149733,RANGING_REQ,-150,LISTENING,0
1984,3150424,RANGING_REQ,-150,LISTENING,0
1985,3151109,RANGING_REQ,-150,LISTENING,0
1986,3151794,RANGING_REQ,-150,LISTENING,0
1987,3152480,RANGING_REQ,-150,LISTENING,0
1988,3153165,RANGING_REQ,-150,LISTENING,0
1989,3153850,RANGING_REQ,-150,LISTENING,0
1990,3154536,RANGING_REQ,-150,LISTENING,0
1991,3155221,RANGING_REQ,-150,LISTENING,0
1992,3155906,RANGING_REQ,-150,LISTENING,0
1993,3156592,RANGING_REQ,-150,LISTENING,0
1994,3157281,RANGING_REQ,-150,LISTENING,0
1995,3157967,RANGING_REQ,-150,LISTENING,0
1996,3158652,RANGING_REQ,-150,LISTENING,0
1997,3159337,RANGING_REQ,-150,LISTENING,0
1998,3160022,RANGING_REQ,-150,LISTENING,0
1999,3160708,RANGING_REQ,-150,LISTENING,0
2000,3161393,RANGING_REQ,-150,LISTENING,0
2001,3162078,RANGING_REQ,-150,LISTENING,0
2002,3162763,RANGING_REQ,-150,LISTENING,0
2003,3163449,RANGING_REQ,-150,LISTENING,0
2004,3164139,RANGING_REQ,-150,LISTENING,0
2005,3164825,RANGING_REQ,-150,LISTENING,0
2006,3165510,RANGING_REQ,-150,LISTENING,0
2007,3166195,RANGING_REQ,-150,LISTENING,0
2008,3166881,RANGING_REQ,-150,LISTENING,0
2009,3167566,RANGING_REQ,-150,LISTENING,0
2010,3168252,RANGING_REQ,-150,LISTENING,0
2011,3168937,RANGING_REQ,-150,LISTENING,0
2012,3169622,RANGING_REQ,-150,LISTENING,0
2013,3170308,RANGING_REQ,-150,LISTENING,0
2014,3170998,RANGING_REQ,-150,LISTENING,0
2015,3171684,RANGING_REQ,-150,LISTENING,0
2016,3172369,RANGING_REQ,-150,LISTENING,0
2017,3173055,RANGING_REQ,-150,LISTENING,0
2018,3173740,RANGING_REQ,-150,LISTENING,0
2019,3174426,RANGING_REQ,-150,LISTENING,0
2020,3175111,RANGING_REQ,-150,LISTENING,0
2021,3175796,RANGING_REQ,-150,LISTENING,0
2022,3176482,RANGING_REQ,-150,LISTENING,0
2023,3177167,RANGING_REQ,-150,LISTENING,0
2024,3177857,RANGING_REQ,-150,LISTENING,0
2025,3178543,RANGING_REQ,-150,LISTENING,0
2026,3179228,RANGING_REQ,-150,LISTENING,0
2027,3179913,RANGING_REQ,-150,LISTENING,0
2028,3180599,RANGING_REQ,-150,LISTENING,0
2029,3181284,RANGING_REQ,-150,LISTENING,0
2030,3181969,RANGING_REQ,-150,LISTENING,0
2031,3182655,RANGING_REQ,-150,LISTENING,0
2032,3183340,RANGING_REQ,-150,LISTENING,0
2033,3184025,RANGING_REQ,-150,LISTENING,0
2034,3184716,RANGING_REQ,-150,LISTENING,0
2035,3185401,RANGING_REQ,-150,LISTENING,0
2036,3186087,RANGING_REQ,-150,LISTENING,0
2037,3186772,RANGING_REQ,-150,LISTENING,0
2038,3187457,RANGING_REQ,-150,LISTENING,0
2039,3188143,RANGING_REQ,-150,LISTENING,0
2040,3188828,RANGING_REQ,-150,LISTENING,0
2041,3189514,RANGING_REQ,-150,LISTENING,0
2042,3190199,RANGING_REQ,-150,LISTENING,0
2043,3190884,RANGING_REQ,-150,LISTENING,0
2044,3191574,RANGING_REQ,-150,LISTENING,0
2045,3192259,RANGING_REQ,-150,LISTENING,0
2046,3192944,RANGING_REQ,-150,LISTENING,0
2047,3193630,RANGING_REQ,-150,LISTENING,0
2048,3194315,RANGING_REQ,-150,LISTENING,0
2049,3195000,RANGING_REQ,-150,LISTENING,0
2050,3195686,RANGING_REQ,-150,LISTENING,0
2051,3196371,RANGING_REQ,-150,LISTENING,0
2052,3197057,RANGING_REQ,-150,LISTENING,0
2053,3197742,RANGING_REQ,-150,LISTENING,0
2054,3198432,RANGING_REQ,-150,LISTENING,0
2055,3199117,RANGING_REQ,-150,LISTENING,0
2056,3199803,RANGING_REQ,-150,LISTENING,0
2057,3200488,RANGING_REQ,-150,LISTENING,0
2058,3201173,RANGING_REQ,-150,LISTENING,0
2059,3201859,RANGING_REQ,-150,LISTENING,0
2060,3202544,RANGING_REQ,-150,LISTENING,0
2061,3203230,RANGING_REQ,-150,LISTENING,0
2062,3203915,RANGING_REQ,-150,LISTENING,0
2063,3204601,RANGING_REQ,-150,LISTENING,0
2064,3205291,RANGING_REQ,-150,LISTENING,0
2065,3205976,RANGING_REQ,-150,LISTENING,0
2066,3206661,RANGING_REQ,-150,LISTENING,0
2067,3207347,RANGING_REQ,-150,LISTENING,0
2068,3208032,RANGING_REQ,-150,LISTENING,0
2069,3208717,RANGING_REQ,-150,LISTENING,0
2070,3209403,RANGING_REQ,-150,LISTENING,0
2071,3210088,RANGING_REQ,-150,LISTENING,0
2072,3210774,RANGING_REQ,-150,LISTENING,0
2073,3211459,RANGING_REQ,-150,LISTENING,0
2074,3212150,RANGING_REQ,-150,LISTENING,0
2075,3212835,RANGING_REQ,-150,LISTENING,0
2076,3213521,RANGING_REQ,-150,LISTENING,0
2077,3214206,RANGING_REQ,-150,LISTENING,0
2078,3214891,RANGING_REQ,-150,LISTENING,0
2079,3215577,RANGING_REQ,-150,LISTENING,0
2080,3216262,RANGING_REQ,-150,LISTENING,0
2081,3216947,RANGING_REQ,-150,LISTENING,0
2082,3217633,RANGING_REQ,-150,LISTENING,0
2083,3218318,RANGING_REQ,-150,LISTENING,0
2084,3219009,RANGING_REQ,-150,LISTENING,0
2085,3219694,RANGING_REQ,-150,LISTENING,0
2086,3220379,RANGING_REQ,-150,LISTENING,0
2087,3221065,RANGING_REQ,-150,LISTENING,0
2088,3221750,RANGING_REQ,-150,LISTENING,0
2089,3222435,RANGING_REQ,-150,LISTENING,0
2090,3223121,RANGING_REQ,-150,LISTENING,0
2091,3223806,RANGING_REQ,-150,LISTENING,0
2092,3224492,RANGING_REQ,-150,LISTENING,0
2093,3225177,RANGING_REQ,-150,LISTENING,0
2094,3225867,RANGING_REQ,-150,LISTENING,0
2095,3226553,RANGING_REQ,-150,LISTENING,0
2096,3227238,RANGING_REQ,-150,LISTENING,0
2097,3227924,RANGING_REQ,-150,LISTENING,0
2098,3228609,RANGING_REQ,-150,LISTENING,0
2099,3229295,RANGING_REQ,-150,LISTENING,0
2100,3229980,RANGING_REQ,-150,LISTENING,0
2101,3230666,RANGING_REQ,-150,LISTENING,0
2102,3231352,RANGING_REQ,-150,LISTENING,0
2103,3232037,RANGING_REQ,-150,LISTENING,0
2104,3232727,RANGING_REQ,-150,LISTENING,0
2105,3233413,RANGING_REQ,-150,LISTENING,0
2106,3234099,RANGING_REQ,-150,LISTENING,0
2107,3234784,RANGING_REQ,-150,LISTENING,0
2108,3235470,RANGING_REQ,-150,LISTENING,0
2109,3236155,RANGING_REQ,-150,LISTENING,0
2110,3236841,RANGING_REQ,-150,LISTENING,0
2111,3237526,RANGING_REQ,-150,LISTENING,0
2112,3238212,RANGING_REQ,-150,LISTENING,0
2113,3238897,RANGING_REQ,-150,LISTENING,0
2114,3239587,RANGING_REQ,-150,LISTENING,0
2115,3240273,RANGING_REQ,-150,LISTENING,0
2116,3240958,RANGING_REQ,-150,LISTENING,0
2117,3241644,RANGING_REQ,-150,LISTENING,0
2118,3242330,RANGING_REQ,-150,LISTENING,0
2119,3243015,RANGING_REQ,-150,LISTENING,0
2120,3243701,RANGING_REQ,-150,LISTENING,0
2121,3244386,RANGING_REQ,-150,LISTENING,0
2122,3245072,RANGING_REQ,-150,LISTENING,0
2123,3245758,RANGING_REQ,-150,LISTENING,0
2124,3246448,RANGING_REQ,-150,LISTENING,0
2125,3247134,RANGING_REQ,-150,LISTENING,0
2126,3247819,RANGING_REQ,-150,LISTENING,0
2127,3248504,RANGING_REQ,-150,LISTENING,0
2128,3249190,RANGING_REQ,-150,LISTENING,0
2129,3249875,RANGING_REQ,-150,LISTENING,0
2130,3250560,RANGING_REQ,-150,LISTENING,0
2131,3251246,RANGING_REQ,-150,LISTENING,0
2132,3251931,RANGING_REQ,-150,LISTENING,0
2133,3252617,RANGING_REQ,-150,LISTENING,0
2134,3253307,RANGING_REQ,-150,LISTENING,0
2135,3253992,RANGING_REQ,-150,LISTENING,0
2136,3254678,RANGING_REQ,-150,LISTENING,0
2137,3255363,RANGING_REQ,-150,LISTENING,0
2138,3256048,RANGING_REQ,-150,LISTENING,0
2139,3256733,RANGING_REQ,-150,LISTENING,0
2140,3257419,RANGING_REQ,-150,LISTENING,0
2141,3258104,RANGING_REQ,-150,LISTENING,0
2142,3258789,RANGING_REQ,-150,LISTENING,0
2143,3259475,RANGING_REQ,-150,LISTENING,0
2144,3260164,RANGING_REQ,-150,LISTENING,0
2145,3260850,RANGING_REQ,-150,LISTENING,0
2146,3261535,RANGING_REQ,-150,LISTENING,0
2147,3262220,RANGING_REQ,-150,LISTENING,0
2148,3262906,RANGING_REQ,-150,LISTENING,0
2149,3263591,RANGING_REQ,-150,LISTENING,0
2150,3264277,RANGING_REQ,-150,LISTENING,0
2151,3264962,RANGING_REQ,-150,LISTENING,0
2152,3265648,RANGING_REQ,-150,LISTENING,0
2153,3266333,RANGING_REQ,-150,LISTENING,0
2154,3267023,RANGING_REQ,-150,LISTENING,0
2155,3267708,RANGING_REQ,-150,LISTENING,0
2156,3268394,RANGING_REQ,-150,LISTENING,0
2157,3269079,RANGING_REQ,-150,LISTENING,0
2158,3269764,RANGING_REQ,-150,LISTENING,0
2159,3270450,RANGING_REQ,-150,LISTENING,0
2160,3271135,RANGING_REQ,-150,LISTENING,0
2161,3271820,RANGING_REQ,-150,LISTENING,0
2162,3272506,RANGING_REQ,-150,LISTENING,0
2163,3273191,RANGING_REQ,-150,LISTENING,0
2164,3273882,RANGING_REQ,-150,LISTENING,0
2165,3274567,RANGING_REQ,-150,LISTENING,0
2166,3275253,RANGING_REQ,-150,LISTENING,0
2167,3275938,RANGING_REQ,-150,LISTENING,0
2168,3276624,RANGING_REQ,-150,LISTENING,0
2169,3277309,RANGING_REQ,-150,LISTENING,0
2170,3277995,RANGING_REQ,-150,LISTENING,0
2171,3278680,RANGING_REQ,-150,LISTENING,0
2172,3279365,RANGING_REQ,-150,LISTENING,0
2173,3280051,RANGING_REQ,-150,LISTENING,0
2174,3280742,RANGING_REQ,-150,LISTENING,0
2175,3281427,RANGING_REQ,-150,LISTENING,0
2176,3282112,RANGING_REQ,-150,LISTENING,0
2177,3282798,RANGING_REQ,-150,LISTENING,0
2178,3283483,RANGING_REQ,-150,LISTENING,0
2179,3284169,RANGING_REQ,-150,LISTENING,0
2180,3284854,RANGING_REQ,-150,LISTENING,0
2181,3285540,RANGING_REQ,-150,LISTENING,0
2182,3286225,RANGING_REQ,-150,LISTENING,0
2183,3286910,RANGING_REQ,-150,LISTENING,0
2184,3287600,RANGING_REQ,-150,LISTENING,0
2185,3288286,RANGING_REQ,-150,LISTENING,0
2186,3288971,RANGING_REQ,-150,LISTENING,0
2187,3289657,RANGING_REQ,-150,LISTENING,0
2188,3290342,RANGING_REQ,-150,LISTENING,0
2189,3291027,RANGING_REQ,-150,LISTENING,0
2190,3291713,RANGING_REQ,-150,LISTENING,0
2191,3292398,RANGING_REQ,-150,LISTENING,0
2192,3293084,RANGING_REQ,-150,LISTENING,0
2193,3293769,RANGING_REQ,-150,LISTENING,0
2194,3294459,RANGING_REQ,-150,LISTENING,0
2195,3295145,RANGING_REQ,-150,LISTENING,0
2196,3295830,RANGING_REQ,-150,LISTENING,0
2197,3296515,RANGING_REQ,-150,LISTENING,0
2198,3297201,RANGING_REQ,-150,LISTENING,0
2199,3297886,RANGING_REQ,-150,LISTENING,0
2200,3298571,RANGING_REQ,-150,LISTENING,0
2201,3299257,RANGING_REQ,-150,LISTENING,0
2202,3299942,RANGING_REQ,-150,LISTENING,0
2203,3300628,RANGING_REQ,-150,LISTENING,0
2204,3301318,RANGING_REQ,-150,LISTENING,0
2205,3302004,RANGING_REQ,-150,LISTENING,0
2206,3302689,RANGING_REQ,-150,LISTENING,0
2207,3303375,RANGING_REQ,-150,LISTENING,0
2208,3304060,RANGING_REQ,-150,LISTENING,0
2209,3304745,RANGING_REQ,-150,LISTENING,0
2210,3305431,RANGING_REQ,-150,LISTENING,0
2211,3306116,RANGING_REQ,-150,LISTENING,0
2212,3306802,RANGING_REQ,-150,LISTENING,0
2213,3307487,RANGING_REQ,-150,LISTENING,0
2214,3308177,RANGING_REQ,-150,LISTENING,0
2215,3308863,RANGING_REQ,-150,LISTENING,0
2216,3309548,RANGING_REQ,-150,LISTENING,0
2217,3310234,RANGING_REQ,-150,LISTENING,0
2218,3310919,RANGING_REQ,-150,LISTENING,0
2219,3311605,RANGING_REQ,-150,LISTENING,0
2220,3312290,RANGING_REQ,-150,LISTENING,0
2221,3312976,RANGING_REQ,-150,LISTENING,0
2222,3313662,RANGING_REQ,-150,LISTENING,0
2223,3314347,RANGING_REQ,-150,LISTENING,0
2224,3315037,RANGING_REQ,-150,LISTENING,0
2225,3315723,RANGING_REQ,-150,LISTENING,0
2226,3316408,RANGING_REQ,-150,LISTENING,0
2227,3317093,RANGING_REQ,-150,LISTENING,0
2228,3317779,RANGING_REQ,-150,LISTENING,0
2229,3318464,RANGING_REQ,-150,LISTENING,0
2230,3319150,RANGING_REQ,-150,LISTENING,0
2231,3319835,RANGING_REQ,-150,LISTENING,0
2232,3320521,RANGING_REQ,-150,LISTENING,0
2233,3321206,RANGING_REQ,-150,LISTENING,0
2234,3321897,RANGING_REQ,-150,LISTENING,0
2235,3322582,RANGING_REQ,-150,LISTENING,0
2236,3323268,RANGING_REQ,-150,LISTENING,0
2237,3323954,RANGING_REQ,-150,LISTENING,0
2238,3324639,RANGING_REQ,-150,LISTENING,0
2239,3325325,RANGING_REQ,-150,LISTENING,0
2240,3326011,RANGING_REQ,-150,LISTENING,0
2241,3326696,RANGING_REQ,-150,LISTENING,0
2242,3327382,RANGING_REQ,-150,LISTENING,0
2243,3328067,RANGING_REQ,-150,LISTENING,0
2244,3328758,RANGING_REQ,-150,LISTENING,0
2245,3329444,RANGING_REQ,-150,LISTENING,0
2246,3330129,RANGING_REQ,-150,LISTENING,0
2247,3330815,RANGING_REQ,-150,LISTENING,0
2248,3331501,RANGING_REQ,-150,LISTENING,0
2249,3332186,RANGING_REQ,-150,LISTENING,0
2250,3332872,RANGING_REQ,-150,LISTENING,0
2251,3333557,RANGING_REQ,-150,LISTENING,0
2252,3334243,RANGING_REQ,-150,LISTENING,0
2253,3334928,RANGING_REQ,-150,LISTENING,0
2254,3335619,RANGING_REQ,-150,LISTENING,0
2255,3336304,RANGING_REQ,-150,LISTENING,0
2256,3336990,RANGING_REQ,-150,LISTENING,0
2257,3337675,RANGING_REQ,-150,LISTENING,0
2258,3338361,RANGING_REQ,-150,LISTENING,0
2259,3339046,RANGING_REQ,-150,LISTENING,0
2260,3339732,RANGING_REQ,-150,LISTENING,0
2261,3340417,RANGING_REQ,-150,LISTENING,0
2262,3341103,RANGING_REQ,-150,LISTENING,0
2263,3341789,RANGING_REQ,-150,LISTENING,0
2264,3342479,RANGING_REQ,-150,LISTENING,0
2265,3343164,RANGING_REQ,-150,LISTENING,0
2266,3343850,RANGING_REQ,-150,LISTENING,0
2267,3344535,RANGING_REQ,-150,LISTENING,0
2268,3345220,RANGING_REQ,-150,LISTENING,0
2269,3345906,RANGING_REQ,-150,LISTENING,0
2270,3346591,RANGING_REQ,-150,LISTENING,0
2271,3347277,RANGING_REQ,-150,LISTENING,0
2272,3347962,RANGING_REQ,-150,LISTENING,0
2273,3348648,RANGING_REQ,-150,LISTENING,0
2274,3349339,RANGING_REQ,-150,LISTENING,0
2275,3350024,RANGING_REQ,-150,LISTENING,0
2276,3350710,RANGING_REQ,-150,LISTENING,0
2277,3351395,RANGING_REQ,-150,LISTENING,0
2278,3352081,RANGING_REQ,-150,LISTENING,0
2279,3352766,RANGING_REQ,-150,LISTENING,0
2280,3353451,RANGING_REQ,-150,LISTENING,0
2281,3354137,RANGING_REQ,-150,LISTENING,0
2282,3354822,RANGING_REQ,-150,LISTENING,0
2283,3355508,RANGING_REQ,-150,LISTENING,0
2284,3356200,RANGING_REQ,-150,LISTENING,0
2285,3356886,RANGING_REQ,-150,LISTENING,0
2286,3357571,RANGING_REQ,-150,LISTENING,0
2287,3358257,RANGING_REQ,-150,LISTENING,0
2288,3358942,RANGING_REQ,-150,LISTENING,0
2289,3359628,RANGING_REQ,-150,LISTENING,0
2290,3360313,RANGING_REQ,-150,LISTENING,0
2291,3360999,RANGING_REQ,-150,LISTENING,0
2292,3361684,RANGING_REQ,-150,LISTENING,0
2293,3362370,RANGING_REQ,-150,LISTENING,0
2294,3363061,RANGING_REQ,-150,LISTENING,0
2295,3363746,RANGING_REQ,-150,LISTENING,0
2296,3364432,RANGING_REQ,-150,LISTENING,0
2297,3365117,RANGING_REQ,-150,LISTENING,0
2298,3365803,RANGING_REQ,-150,LISTENING,0
2299,3366488,RANGING_REQ,-150,LISTENING,0
2300,3367173,RANGING_REQ,-150,LISTENING,0
2301,3367859,RANGING_REQ,-150,LISTENING,0
2302,3368544,RANGING_REQ,-150,LISTENING,0
2303,3369230,RANGING_REQ,-150,LISTENING,0
2304,3369921,RANGING_REQ,-150,LISTENING,0
2305,3370606,RANGING_REQ,-150,LISTENING,0
2306,3371292,RANGING_REQ,-150,LISTENING,0
2307,3371978,RANGING_REQ,-150,LISTENING,0
2308,3372663,RANGING_REQ,-150,LISTENING,0
2309,3373349,RANGING_REQ,-150,LISTENING,0
2310,3374034,RANGING_REQ,-150,LISTENING,0
2311,3374720,RANGING_REQ,-150,LISTENING,0
2312,3375405,RANGING_REQ,-150,LISTENING,0
2313,3376091,RANGING_REQ,-150,LISTENING,0
2314,3376782,RANGING_REQ,-150,LISTENING,0
2315,3377467,RANGING_REQ,-150,LISTENING,0
2316,3378153,RANGING_REQ,-150,LISTENING,0
2317,3378839,RANGING_REQ,-150,LISTENING,0
2318,3379525,RANGING_REQ,-150,LISTENING,0
2319,3380210,RANGING_REQ,-150,LISTENING,0
2320,3380896,RANGING_REQ,-150,LISTENING,0
2321,3381582,RANGING_REQ,-150,LISTENING,0
2322,3382267,RANGING_REQ,-150,LISTENING,0
2323,3382953,RANGING_REQ,-150,LISTENING,0
2324,3383644,RANGING_REQ,-150,LISTENING,0
2325,3384329,RANGING_REQ,-150,LISTENING,0
2326,3385015,RANGING_REQ,-150,LISTENING,0
2327,3385700,RANGING_REQ,-150,LISTENING,0
2328,3386385,RANGING_REQ,-150,LISTENING,0
2329,3387071,RANGING_REQ,-150,LISTENING,0
2330,3387756,RANGING_REQ,-150,LISTENING,0
2331,3388442,RANGING_REQ,-150,LISTENING,0
2332,3389127,RANGING_REQ,-150,LISTENING,0
2333,3389812,RANGING_REQ,-150,LISTENING,0
2334,3390503,RANGING_REQ,-150,LISTENING,0
2335,3391188,RANGING_REQ,-150,LISTENING,0
2336,3391873,RANGING_REQ,-150,LISTENING,0
2337,3392559,RANGING_REQ,-150,LISTENING,0
2338,3393244,RANGING_REQ,-150,LISTENING,0
2339,3393929,RANGING_REQ,-150,LISTENING,0
2340,3394615,RANGING_REQ,-150,LISTENING,0
2341,3395300,RANGING_REQ,-150,LISTENING,0
2342,3395986,RANGING_REQ,-150,LISTENING,0
2343,3396671,RANGING_REQ,-150,LISTENING,0
2344,3397362,RANGING_REQ,-150,LISTENING,0
2345,3398048,RANGING_REQ,-150,LISTENING,0
2346,3398733,RANGING_REQ,-150,LISTENING,0
2347,3399418,RANGING_REQ,-150,LISTENING,0
2348,3400104,RANGING_REQ,-150,LISTENING,0
2349,3400790,RANGING_REQ,-150,LISTENING,0
2350,3401475,RANGING_REQ,-150,LISTENING,0
2351,3402161,RANGING_REQ,-150,LISTENING,0
2352,3402846,RANGING_REQ,-150,LISTENING,0
2353,3403532,RANGING_REQ,-150,LISTENING,0
2354,3404223,RANGING_REQ,-150,LISTENING,0
2355,3404909,RANGING_REQ,-150,LISTENING,0
2356,3405594,RANGING_REQ,-150,LISTENING,0
2357,3406280,RANGING_REQ,-150,LISTENING,0
2358,3406965,RANGING_REQ,-150,LISTENING,0
2359,3407650,RANGING_REQ,-150,LISTENING,0
2360,3408336,RANGING_REQ,-150,LISTENING,0
2361,3409021,RANGING_REQ,-150,LISTENING,0
2362,3409707,RANGING_REQ,-150,LISTENING,0
2363,3410393,RANGING_REQ,-150,LISTENING,0
2364,3411084,RANGING_REQ,-150,LISTENING,0
2365,3411770,RANGING_REQ,-150,LISTENING,0
2366,3412456,RANGING_REQ,-150,LISTENING,0
2367,3413142,RANGING_REQ,-150,LISTENING,0
2368,3413827,RANGING_REQ,-150,LISTENING,0
2369,3414513,RANGING_REQ,-150,LISTENING,0
2370,3415198,RANGING_REQ,-150,LISTENING,0
2371,3415884,RANGING_REQ,-150,LISTENING,0
2372,3416569,RANGING_REQ,-150,LISTENING,0
2373,3417255,RANGING_REQ,-150,LISTENING,0
2374,3417946,RANGING_REQ,-150,LISTENING,0
2375,3418631,RANGING_REQ,-150,LISTENING,0
2376,3419317,RANGING_REQ,-150,LISTENING,0
2377,3420003,RANGING_REQ,-150,LISTENING,0
2378,3420688,RANGING_REQ,-150,LISTENING,0
2379,3421374,RANGING_REQ,-150,LISTENING,0
2380,3422060,RANGING_REQ,-150,LISTENING,0
2381,3422746,RANGING_REQ,-150,LISTENING,0
2382,3423432,RANGING_REQ,-150,LISTENING,0
2383,3424117,RANGING_REQ,-150,LISTENING,0
2384,3424807,RANGING_REQ,-150,LISTENING,0
2385,3425493,RANGING_REQ,-150,LISTENING,0
2386,3426179,RANGING_REQ,-150,LISTENING,0
2387,3426864,RANGING_REQ,-150,LISTENING,0
2388,3427550,RANGING_REQ,-150,LISTENING,0
2389,3428235,RANGING_REQ,-150,LISTENING,0
2390,3428921,RANGING_REQ,-150,LISTENING,0
2391,3429607,RANGING_REQ,-150,LISTENING,0
2392,3430292,RANGING_REQ,-150,LISTENING,0
2393,3430978,RANGING_REQ,-150,LISTENING,0
2394,3431669,RANGING_REQ,-150,LISTENING,0
2395,3432354,RANGING_REQ,-150,LISTENING,0
2396,3433039,RANGING_REQ,-150,LISTENING,0
2397,3433725,RANGING_REQ,-150,LISTENING,0
2398,3434411,RANGING_REQ,-150,LISTENING,0
2399,3435096,RANGING_REQ,-150,LISTENING,0
2400,3435781,RANGING_REQ,-150,LISTENING,0
2401,3436467,RANGING_REQ,-150,LISTENING,0
2402,3437152,RANGING_REQ,-150,LISTENING,0
2403,3437838,RANGING_REQ,-150,LISTENING,0
2404,3438528,RANGING_REQ,-150,LISTENING,0
2405,3439214,RANGING_REQ,-150,LISTENING,0
2406,3439899,RANGING_REQ,-150,LISTENING,0
2407,3440585,RANGING_REQ,-150,LISTENING,0
2408,3441270,RANGING_REQ,-150,LISTENING,0
2409,3441956,RANGING_REQ,-150,LISTENING,0
2410,3442642,RANGING_REQ,-150,LISTENING,0
2411,3443327,RANGING_REQ,-150,LISTENING,0
2412,3444013,RANGING_REQ,-150,LISTENING,0
2413,3444699,RANGING_REQ,-150,LISTENING,0
2414,3445390,RANGING_REQ,-150,LISTENING,0
2415,3446075,RANGING_REQ,-150,LISTENING,0
2416,3446761,RANGING_REQ,-150,LISTENING,0
2417,3447447,RANGING_REQ,-150,LISTENING,0
2418,3448132,RANGING_REQ,-150,LISTENING,0
2419,3448817,RANGING_REQ,-150,LISTENING,0
2420,3449503,RANGING_REQ,-150,LISTENING,0
2421,3450189,RANGING_REQ,-150,LISTENING,0
2422,3450874,RANGING_REQ,-150,LISTENING,0
2423,3451560,RANGING_REQ,-150,LISTENING,0
2424,3452251,RANGING_REQ,-150,LISTENING,0
2425,3452937,RANGING_REQ,-150,LISTENING,0
2426,3453623,RANGING_REQ,-150,LISTENING,0
2427,3454309,RANGING_REQ,-150,LISTENING,0
2428,3454995,RANGING_REQ,-150,LISTENING,0
2429,3455680,RANGING_REQ,-150,LISTENING,0
2430,3456366,RANGING_REQ,-150,LISTENING,0
2431,3457051,RANGING_REQ,-150,LISTENING,0
2432,3457737,RANGING_REQ,-150,LISTENING,0
2433,3458422,RANGING_REQ,-150,LISTENING,0
2434,3459113,RANGING_REQ,-150,LISTENING,0
2435,3459798,RANGING_REQ,-150,LISTENING,0
2436,3460483,RANGING_REQ,-150,LISTENING,0
2437,3461169,RANGING_REQ,-150,LISTENING,0
2438,3461854,RANGING_REQ,-150,LISTENING,0
2439,3462540,RANGING_REQ,-150,LISTENING,0
2440,3463225,RANGING_REQ,-150,LISTENING,0
2441,3463910,RANGING_REQ,-150,LISTENING,0
2442,3464596,RANGING_REQ,-150,LISTENING,0
2443,3465281,RANGING_REQ,-150,LISTENING,0
2444,3465972,RANGING_REQ,-150,LISTENING,0
2445,3466657,RANGING_REQ,-150,LISTENING,0
2446,3467343,RANGING_REQ,-150,LISTENING,0
2447,3468028,RANGING_REQ,-150,LISTENING,0
2448,3468713,RANGING_REQ,-150,LISTENING,0
2449,3469398,RANGING_REQ,-150,LISTENING,0
2450,3470084,RANGING_REQ,-150,LISTENING,0
2451,3470769,RANGING_REQ,-150,LISTENING,0
2452,3471454,RANGING_REQ,-150,LISTENING,0
2453,3472140,RANGING_REQ,-150,LISTENING,0
2454,3472831,RANGING_REQ,-150,LISTENING,0
2455,3473516,RANGING_REQ,-150,LISTENING,0
2456,3474202,RANGING_REQ,-150,LISTENING,0
2457,3474887,RANGING_REQ,-150,LISTENING,0
2458,3475573,RANGING_REQ,-150,LISTENING,0
2459,3476258,RANGING_REQ,-150,LISTENING,0
2460,3476944,RANGING_REQ,-150,LISTENING,0
2461,3477629,RANGING_REQ,-150,LISTENING,0
2462,3478315,RANGING_REQ,-150,LISTENING,0
2463,3479000,RANGING_REQ,-150,LISTENING,0
2464,3479691,RANGING_REQ,-150,LISTENING,0
2465,3480376,RANGING_REQ,-150,LISTENING,0
2466,3481061,RANGING_REQ,-150,LISTENING,0
2467,3481747,RANGING_REQ,-150,LISTENING,0
2468,3482432,RANGING_REQ,-150,LISTENING,0
2469,3483118,RANGING_REQ,-150,LISTENING,0
2470,3483803,RANGING_REQ,-150,LISTENING,0
2471,3484489,RANGING_REQ,-150,LISTENING,0
2472,3485174,RANGING_REQ,-150,LISTENING,0
2473,3485860,RANGING_REQ,-150,LISTENING,0
2474,3486550,RANGING_REQ,-150,LISTENING,0
2475,3487236,RANGING_REQ,-150,LISTENING,0
2476,3487921,RANGING_REQ,-150,LISTENING,0
2477,3488606,RANGING_REQ,-150,LISTENING,0
2478,3489292,RANGING_REQ,-150,LISTENING,0
2479,3489977,RANGING_REQ,-150,LISTENING,0
2480,3490662,RANGING_REQ,-150,LISTENING,0
2481,3491348,RANGING_REQ,-150,LISTENING,0
2482,3492033,RANGING_REQ,-150,LISTENING,0
2483,3492718,RANGING_REQ,-150,LISTENING,0
2484,3493409,RANGING_REQ,-150,LISTENING,0
2485,3494095,RANGING_REQ,-150,LISTENING,0
2486,3494780,RANGING_REQ,-150,LISTENING,0
2487,3495466,RANGING_REQ,-150,LISTENING,0
2488,3496151,RANGING_REQ,-150,LISTENING,0
2489,3496836,RANGING_REQ,-150,LISTENING,0
2490,3497522,RANGING_REQ,-150,LISTENING,0
2491,3498207,RANGING_REQ,-150,LISTENING,0
2492,3498892,RANGING_REQ,-150,LISTENING,0
2493,3499578,RANGING_REQ,-150,LISTENING,0
2494,3500268,RANGING_REQ,-150,LISTENING,0
2495,3500954,RANGING_REQ,-150,LISTENING,0
2496,3501639,RANGING_REQ,-150,LISTENING,0
2497,3502325,RANGING_REQ,-150,LISTENING,0
2498,3503010,RANGING_REQ,-150,LISTENING,0
2499,3503695,RANGING_REQ,-150,LISTENING,0
2500,3504381,RANGING_REQ,-150,LISTENING,0
2501,3505066,RANGING_REQ,-150,LISTENING,0
2502,3505751,RANGING_REQ,-150,LISTENING,0
2503,3506437,RANGING_REQ,-150,LISTENING,0
2504,3507127,RANGING_REQ,-150,LISTENING,0
2505,3507813,RANGING_REQ,-150,LISTENING,0
2506,3508498,RANGING_REQ,-150,LISTENING,0
2507,3509184,RANGING_REQ,-150,LISTENING,0
2508,3509870,RANGING_REQ,-150,LISTENING,0
2509,3510555,RANGING_REQ,-150,LISTENING,0
2510,3511241,RANGING_REQ,-150,LISTENING,0
2511,3511926,RANGING_REQ,-150,LISTENING,0
2512,3512612,RANGING_REQ,-150,LISTENING,0
2513,3513297,RANGING_REQ,-150,LISTENING,0
2514,3513988,RANGING_REQ,-150,LISTENING,0
2515,3514674,RANGING_REQ,-150,LISTENING,0
2516,3515359,RANGING_REQ,-150,LISTENING,0
2517,3516045,RANGING_REQ,-150,LISTENING,0
2518,3516730,RANGING_REQ,-150,LISTENING,0
2519,3517416,RANGING_REQ,-150,LISTENING,0
2520,3518101,RANGING_REQ,-150,LISTENING,0
2521,3518787,RANGING_REQ,-150,LISTENING,0
2522,3519472,RANGING_REQ,-150,LISTENING,0
2523,3520158,RANGING_REQ,-150,LISTENING,0
2524,3520849,RANGING_REQ,-150,LISTENING,0
2525,3521534,RANGING_REQ,-150,LISTENING,0
2526,3522219,RANGING_REQ,-150,LISTENING,0
2527,3522905,RANGING_REQ,-150,LISTENING,0
2528,3523590,RANGING_REQ,-150,LISTENING,0
2529,3524276,RANGING_REQ,-150,LISTENING,0
2530,3524962,RANGING_REQ,-150,LISTENING,0
2531,3525647,RANGING_REQ,-150,LISTENING,0
2532,3526333,RANGING_REQ,-150,LISTENING,0
2533,3527019,RANGING_REQ,-150,LISTENING,0
2534,3527709,RANGING_REQ,-150,LISTENING,0
2535,3528395,RANGING_REQ,-150,LISTENING,0
2536,3529080,RANGING_REQ,-150,LISTENING,0
2537,3529765,RANGING_REQ,-150,LISTENING,0
2538,3530451,RANGING_REQ,-150,LISTENING,0
2539,3531136,RANGING_REQ,-150,LISTENING,0
2540,3531822,RANGING_REQ,-150,LISTENING,0
2541,3532507,RANGING_REQ,-150,LISTENING,0
2542,3533193,RANGING_REQ,-150,LISTENING,0
2543,3533879,RANGING_REQ,-150,LISTENING,0
2544,3534570,RANGING_REQ,-150,LISTENING,0
2545,3535255,RANGING_REQ,-150,LISTENING,0
2546,3535941,RANGING_REQ,-150,LISTENING,0
2547,3536626,RANGING_REQ,-150,LISTENING,0
2548,3537312,RANGING_REQ,-150,LISTENING,0
2549,3537998,RANGING_REQ,-150,LISTENING,0
2550,3538683,RANGING_REQ,-150,LISTENING,0
2551,3539369,RANGING_REQ,-150,LISTENING,0
2552,3540054,RANGING_REQ,-150,LISTENING,0
2553,3540740,RANGING_REQ,-150,LISTENING,0
2554,3541431,RANGING_REQ,-150,LISTENING,0
2555,3542116,RANGING_REQ,-150,LISTENING,0
2556,3542802,RANGING_REQ,-150,LISTENING,0
2557,3543488,RANGING_REQ,-150,LISTENING,0
2558,3544174,RANGING_REQ,-150,LISTENING,0
2559,3544859,RANGING_REQ,-150,LISTENING,0
2560,3545545,RANGING_REQ,-150,LISTENING,0
2561,3546231,RANGING_REQ,-150,LISTENING,0
2562,3546916,RANGING_REQ,-150,LISTENING,0
2563,3547602,RANGING_REQ,-150,LISTENING,0
2564,3548293,RANGING_REQ,-150,LISTENING,0
2565,3548979,RANGING_REQ,-150,LISTENING,0
2566,3549664,RANGING_REQ,-150,LISTENING,0
2567,3550350,RANGING_REQ,-150,LISTENING,0
2568,3551036,RANGING_REQ,-150,LISTENING,0
2569,3551721,RANGING_REQ,-150,LISTENING,0
2570,3552407,RANGING_REQ,-150,LISTENING,0
2571,3553093,RANGING_REQ,-150,LISTENING,0
2572,3553779,RANGING_REQ,-150,LISTENING,0
2573,3554464,RANGING_REQ,-150,LISTENING,0
2574,3555155,RANGING_REQ,-150,LISTENING,0
2575,3555841,RANGING_REQ,-150,LISTENING,0
2576,3556527,RANGING_REQ,-150,LISTENING,0
2577,3557212,RANGING_REQ,-150,LISTENING,0
2578,3557898,RANGING_REQ,-150,LISTENING,0
2579,3558584,RANGING_REQ,-150,LISTENING,0
2580,3559270,RANGING_REQ,-150,LISTENING,0
2581,3559956,RANGING_REQ,-150,LISTENING,0
2582,3560641,RANGING_REQ,-150,LISTENING,0
2583,3561327,RANGING_REQ,-150,LISTENING,0
2584,3562018,RANGING_REQ,-150,LISTENING,0
2585,3562704,RANGING_REQ,-150,LISTENING,0
2586,3563390,RANGING_REQ,-150,LISTENING,0
2587,3564075,RANGING_REQ,-150,LISTENING,0
2588,3564761,RANGING_REQ,-150,LISTENING,0
2589,3565447,RANGING_REQ,-150,LISTENING,0
2590,3566132,RANGING_REQ,-150,LISTENING,0
2591,3566818,RANGING_REQ,-150,LISTENING,0
2592,3567504,RANGING_REQ,-150,LISTENING,0
2593,3568189,RANGING_REQ,-150,LISTENING,0
2594,3568880,RANGING_REQ,-150,LISTENING,0
2595,3569566,RANGING_REQ,-150,LISTENING,0
2596,3570251,RANGING_REQ,-150,LISTENING,0
2597,3570936,RANGING_REQ,-150,LISTENING,0
2598,3571622,RANGING_REQ,-150,LISTENING,0
2599,3572307,RANGING_REQ,-150,LISTENING,0
2600,3572993,RANGING_REQ,-150,LISTENING,0
2601,3573678,RANGING_REQ,-150,LISTENING,0
2602,3574364,RANGING_REQ,-150,LISTENING,0
2603,3575049,RANGING_REQ,-150,LISTENING,0
2604,3575741,RANGING_REQ,-150,LISTENING,0
2605,3576426,RANGING_REQ,-150,LISTENING,0
2606,3577112,RANGING_REQ,-150,LISTENING,0
2607,3577798,RANGING_REQ,-150,LISTENING,0
2608,3578484,RANGING_REQ,-150,LISTENING,0
2609,3579169,RANGING_REQ,-150,LISTENING,0
2610,3579855,RANGING_REQ,-150,LISTENING,0
2611,3580540,RANGING_REQ,-150,LISTENING,0
2612,3581226,RANGING_REQ,-150,LISTENING,0
2613,3581912,RANGING_REQ,-150,LISTENING,0
2614,3582603,RANGING_REQ,-150,LISTENING,0
2615,3583289,RANGING_REQ,-150,LISTENING,0
2616,3583975,RANGING_REQ,-150,LISTENING,0
2617,3584661,RANGING_REQ,-150,LISTENING,0
2618,3585347,RANGING_REQ,-150,LISTENING,0
2619,3586033,RANGING_REQ,-150,LISTENING,0
2620,3586719,RANGING_REQ,-150,LISTENING,0
2621,3587404,RANGING_REQ,-150,LISTENING,0
2622,3588090,RANGING_REQ,-150,LISTENING,0
2623,3588776,RANGING_REQ,-150,LISTENING,0
2624,3589467,RANGING_REQ,-150,LISTENING,0
2625,3590153,RANGING_REQ,-150,LISTENING,0
2626,3590839,RANGING_REQ,-150,LISTENING,0
2627,3591524,RANGING_REQ,-150,LISTENING,0
2628,3592210,RANGING_REQ,-150,LISTENING,0
2629,3592896,RANGING_REQ,-150,LISTENING,0
2630,3593582,RANGING_REQ,-150,LISTENING,0
2631,3594268,RANGING_REQ,-150,LISTENING,0
2632,3594954,RANGING_REQ,-150,LISTENING,0
2633,3595639,RANGING_REQ,-150,LISTENING,0
2634,3596330,RANGING_REQ,-150,LISTENING,0
2635,3597016,RANGING_REQ,-150,LISTENING,0
2636,3597702,RANGING_REQ,-150,LISTENING,0
2637,3598388,RANGING_REQ,-150,LISTENING,0
2638,3599073,RANGING_REQ,-150,LISTENING,0
2639,3599759,RANGING_REQ,-150,LISTENING,0
2640,3600445,RANGING_REQ,-150,LISTENING,0
2641,3601131,RANGING_REQ,-150,LISTENING,0
2642,3601817,RANGING_REQ,-150,LISTENING,0
2643,3602503,RANGING_REQ,-150,LISTENING,0
2644,3603194,RANGING_REQ,-150,LISTENING,0
2645,3603880,RANGING_REQ,-150,LISTENING,0
2646,3604566,RANGING_REQ,-150,LISTENING,0
2647,3605252,RANGING_REQ,-150,LISTENING,0
2648,3605938,RANGING_REQ,-150,LISTENING,0
2649,3606623,RANGING_REQ,-150,LISTENING,0
2650,3607309,RANGING_REQ,-150,LISTENING,0
2651,3607995,RANGING_REQ,-150,LISTENING,0
2652,3608681,RANGING_REQ,-150,LISTENING,0
2653,3609367,RANGING_REQ,-150,LISTENING,0
2654,3610058,RANGING_REQ,-150,LISTENING,0
2655,3610744,RANGING_REQ,-150,LISTENING,0
2656,3611430,RANGING_REQ,-150,LISTENING,0
2657,3612116,RANGING_REQ,-150,LISTENING,0
2658,3612801,RANGING_REQ,-150,LISTENING,0
2659,3613487,RANGING_REQ,-150,LISTENING,0
2660,3614173,RANGING_REQ,-150,LISTENING,0
2661,3614859,RANGING_REQ,-150,LISTENING,0
2662,3615545,RANGING_REQ,-150,LISTENING,0
2663,3616231,RANGING_REQ,-150,LISTENING,0
2664,3616922,RANGING_REQ,-150,LISTENING,0
2665,3617608,RANGING_REQ,-150,LISTENING,0
2666,3618293,RANGING_REQ,-150,LISTENING,0
2667,3618979,RANGING_REQ,-150,LISTENING,0
2668,3619665,RANGING_REQ,-150,LISTENING,0
2669,3620351,RANGING_REQ,-150,LISTENING,0
2670,3621036,RANGING_REQ,-150,LISTENING,0
2671,3621722,RANGING_REQ,-150,LISTENING,0
2672,3622408,RANGING_REQ,-150,LISTENING,0
2673,3623093,RANGING_REQ,-150,LISTENING,0
2674,3623784,RANGING_REQ,-150,LISTENING,0
2675,3624470,RANGING_REQ,-150,LISTENING,0
2676,3625156,RANGING_REQ,-150,LISTENING,0
2677,3625841,RANGING_REQ,-150,LISTENING,0
2678,3626527,RANGING_REQ,-150,LISTENING,0
2679,3627213,RANGING_REQ,-150,LISTENING,0
2680,3627899,RANGING_REQ,-150,LISTENING,0
2681,3628584,RANGING_REQ,-150,LISTENING,0
2682,3629270,RANGING_REQ,-150,LISTENING,0
2683,3629956,RANGING_REQ,-150,LISTENING,0
2684,3630646,RANGING_REQ,-150,LISTENING,0
2685,3631332,RANGING_REQ,-150,LISTENING,0
2686,3632018,RANGING_REQ,-150,LISTENING,0
2687,3632703,RANGING_REQ,-150,LISTENING,0
2688,3633389,RANGING_REQ,-150,LISTENING,0
2689,3634074,RANGING_REQ,-150,LISTENING,0
2690,3634760,RANGING_REQ,-150,LISTENING,0
2691,3635445,RANGING_REQ,-150,LISTENING,0
2692,3636131,RANGING_REQ,-150,LISTENING,0
2693,3636817,RANGING_REQ,-150,LISTENING,0
2694,3637508,RANGING_REQ,-150,LISTENING,0
2695,3638194,RANGING_REQ,-150,LISTENING,0
2696,3638880,RANGING_REQ,-150,LISTENING,0
2697,3639566,RANGING_REQ,-150,LISTENING,0
2698,3640252,RANGING_REQ,-150,LISTENING,0
2699,3640938,RANGING_REQ,-150,LISTENING,0
2700,3641623,RANGING_REQ,-150,LISTENING,0
2701,3642309,RANGING_REQ,-150,LISTENING,0
2702,3642995,RANGING_REQ,-150,LISTENING,0
2703,3643681,RANGING_REQ,-150,LISTENING,0
2704,3644372,RANGING_REQ,-150,LISTENING,0
2705,3645058,RANGING_REQ,-150,LISTENING,0
2706,3645744,RANGING_REQ,-150,LISTENING,0
2707,3646430,RANGING_REQ,-150,LISTENING,0
2708,3647115,RANGING_REQ,-150,LISTENING,0
2709,3647801,RANGING_REQ,-150,LISTENING,0
2710,3648487,RANGING_REQ,-150,LISTENING,0
2711,3649172,RANGING_REQ,-150,LISTENING,0
2712,3649858,RANGING_REQ,-150,LISTENING,0
2713,3650543,RANGING_REQ,-150,LISTENING,0
2714,3651234,RANGING_REQ,-150,LISTENING,0
2715,3651919,RANGING_REQ,-150,LISTENING,0
2716,3652605,RANGING_REQ,-150,LISTENING,0
2717,3653290,RANGING_REQ,-150,LISTENING,0
2718,3653976,RANGING_REQ,-150,LISTENING,0
2719,3654661,RANGING_REQ,-150,LISTENING,0
2720,3655347,RANGING_REQ,-150,LISTENING,0
2721,3656032,RANGING_REQ,-150,LISTENING,0
2722,3656718,RANGING_REQ,-150,LISTENING,0
2723,3657404,RANGING_REQ,-150,LISTENING,0
2724,3658095,RANGING_REQ,-150,LISTENING,0
2725,3658780,RANGING_REQ,-150,LISTENING,0
2726,3659466,RANGING_REQ,-150,LISTENING,0
2727,3660152,RANGING_REQ,-150,LISTENING,0
2728,3660838,RANGING_REQ,-150,LISTENING,0
2729,3661524,RANGING_REQ,-150,LISTENING,0
2730,3662209,RANGING_REQ,-150,LISTENING,0
2731,3662895,RANGING_REQ,-150,LISTENING,0
2732,3663580,RANGING_REQ,-150,LISTENING,0
2733,3664266,RANGING_REQ,-150,LISTENING,0
2734,3664956,RANGING_REQ,-150,LISTENING,0
2735,3665642,RANGING_REQ,-150,LISTENING,0
2736,3666327,RANGING_REQ,-150,LISTENING,0
2737,3667013,RANGING_REQ,-150,LISTENING,0
2738,3667698,RANGING_REQ,-150,LISTENING,0
2739,3668383,RANGING_REQ,-150,LISTENING,0
2740,3669069,RANGING_REQ,-150,LISTENING,0
2741,3669754,RANGING_REQ,-150,LISTENING,0
2742,3670440,RANGING_REQ,-150,LISTENING,0
2743,3671125,RANGING_REQ,-150,LISTENING,0
2744,3671815,RANGING_REQ,-150,LISTENING,0
2745,3672501,RANGING_REQ,-150,LISTENING,0
2746,3673186,RANGING_REQ,-150,LISTENING,0
2747,3673871,RANGING_REQ,-150,LISTENING,0
2748,3674557,RANGING_REQ,-150,LISTENING,0
2749,3675242,RANGING_REQ,-150,LISTENING,0
2750,3675927,RANGING_REQ,-150,LISTENING,0
2751,3676613,RANGING_REQ,-150,LISTENING,0
2752,3677298,RANGING_REQ,-150,LISTENING,0
2753,3677984,RANGING_REQ,-150,LISTENING,0
2754,3678674,RANGING_REQ,-150,LISTENING,0
2755,3679360,RANGING_REQ,-150,LISTENING,0
2756,3680045,RANGING_REQ,-150,LISTENING,0
2757,3680731,RANGING_REQ,-150,LISTENING,0
2758,3681416,RANGING_REQ,-150,LISTENING,0
2759,3682102,RANGING_REQ,-150,LISTENING,0
2760,3682787,RANGING_REQ,-150,LISTENING,0
2761,3683473,RANGING_REQ,-150,LISTENING,0
2762,3684158,RANGING_REQ,-150,LISTENING,0
2763,3684844,RANGING_REQ,-150,LISTENING,0
2764,3685534,RANGING_REQ,-150,LISTENING,0
2765,3686220,RANGING_REQ,-150,LISTENING,0
2766,3686905,RANGING_REQ,-150,LISTENING,0
2767,3687590,RANGING_REQ,-150,LISTENING,0
2768,3688275,RANGING_REQ,-150,LISTENING,0
2769,3688961,RANGING_REQ,-150,LISTENING,0
2770,3689646,RANGING_REQ,-150,LISTENING,0
2771,3690331,RANGING_REQ,-150,LISTENING,0
2772,3691017,RANGING_REQ,-150,LISTENING,0
2773,3691702,RANGING_REQ,-150,LISTENING,0
2774,3692393,RANGING_REQ,-150,LISTENING,0
2775,3693078,RANGING_REQ,-150,LISTENING,0
2776,3693764,RANGING_REQ,-150,LISTENING,0
2777,3694449,RANGING_REQ,-150,LISTENING,0
2778,3695135,RANGING_REQ,-150,LISTENING,0
2779,3695820,RANGING_REQ,-150,LISTENING,0
2780,3696505,RANGING_REQ,-150,LISTENING,0
2781,3697191,RANGING_REQ,-150,LISTENING,0
2782,3697876,RANGING_REQ,-150,LISTENING,0
2783,3698562,RANGING_REQ,-150,LISTENING,0
2784,3699252,RANGING_REQ,-150,LISTENING,0
2785,3699938,RANGING_REQ,-150,LISTENING,0
2786,3700623,RANGING_REQ,-150,LISTENING,0
2787,3701309,RANGING_REQ,-150,LISTENING,0
2788,3701994,RANGING_REQ,-150,LISTENING,0
2789,3702680,RANGING_REQ,-150,LISTENING,0
2790,3703365,RANGING_REQ,-150,LISTENING,0
2791,3704050,RANGING_REQ,-150,LISTENING,0
2792,3704735,RANGING_REQ,-150,LISTENING,0
2793,3705421,RANGING_REQ,-150,LISTENING,0
2794,3706112,RANGING_REQ,-150,LISTENING,0
2795,3706797,RANGING_REQ,-150,LISTENING,0
2796,3707482,RANGING_REQ,-150,LISTENING,0
2797,3708168,RANGING_REQ,-150,LISTENING,0
2798,3708853,RANGING_REQ,-150,LISTENING,0
2799,3709538,RANGING_REQ,-150,LISTENING,0
2800,3710224,RANGING_REQ,-150,LISTENING,0
2801,3710909,RANGING_REQ,-150,LISTENING,0
2802,3711594,RANGING_REQ,-150,LISTENING,0
2803,3712280,RANGING_REQ,-150,LISTENING,0
2804,3712971,RANGING_REQ,-150,LISTENING,0
2805,3713656,RANGING_REQ,-150,LISTENING,0
2806,3714341,RANGING_REQ,-150,LISTENING,0
2807,3715027,RANGING_REQ,-150,LISTENING,0
2808,3715712,RANGING_REQ,-150,LISTENING,0
2809,3716397,RANGING_REQ,-150,LISTENING,0
2810,3717083,RANGING_REQ,-150,LISTENING,0
2811,3717768,RANGING_REQ,-150,LISTENING,0
2812,3718453,RANGING_REQ,-150,LISTENING,0
2813,3719138,RANGING_REQ,-150,LISTENING,0
2814,3719830,RANGING_REQ,-150,LISTENING,0
2815,3720515,RANGING_REQ,-150,LISTENING,0
2816,3721200,RANGING_REQ,-150,LISTENING,0
2817,3721886,RANGING_REQ,-150,LISTENING,0
2818,3722571,RANGING_REQ,-150,LISTENING,0
2819,3723256,RANGING_REQ,-150,LISTENING,0
2820,3723942,RANGING_REQ,-150,LISTENING,0
2821,3724627,RANGING_REQ,-150,LISTENING,0
2822,3725312,RANGING_REQ,-150,LISTENING,0
2823,3725998,RANGING_REQ,-150,LISTENING,0
2824,3726688,RANGING_REQ,-150,LISTENING,0
2825,3727373,RANGING_REQ,-150,LISTENING,0
2826,3728059,RANGING_REQ,-150,LISTENING,0
2827,3728744,RANGING_REQ,-150,LISTENING,0
2828,3729430,RANGING_REQ,-150,LISTENING,0
2829,3730115,RANGING_REQ,-150,LISTENING,0
2830,3730801,RANGING_REQ,-150,LISTENING,0
2831,3731486,RANGING_REQ,-150,LISTENING,0
2832,3732171,RANGING_REQ,-150,LISTENING,0
2833,3732857,RANGING_REQ,-150,LISTENING,0
2834,3733547,RANGING_REQ,-150,LISTENING,0
2835,3734233,RANGING_REQ,-150,LISTENING,0
2836,3734918,RANGING_REQ,-150,LISTENING,0
2837,3735604,RANGING_REQ,-150,LISTENING,0
2838,3736289,RANGING_REQ,-150,LISTENING,0
2839,3736975,RANGING_REQ,-150,LISTENING,0
2840,3737660,RANGING_REQ,-150,LISTENING,0
2841,3738346,RANGING_REQ,-150,LISTENING,0
2842,3739031,RANGING_REQ,-150,LISTENING,0
2843,3739716,RANGING_REQ,-150,LISTENING,0
2844,3740407,RANGING_REQ,-150,LISTENING,0
2845,3741093,RANGING_REQ,-150,LISTENING,0
2846,3741778,RANGING_REQ,-150,LISTENING,0
2847,3742463,RANGING_REQ,-150,LISTENING,0
2848,3743148,RANGING_REQ,-150,LISTENING,0
2849,3743834,RANGING_REQ,-150,LISTENING,0
2850,3744519,RANGING_REQ,-150,LISTENING,0
2851,3745204,RANGING_REQ,-150,LISTENING,0
2852,3745890,RANGING_REQ,-150,LISTENING,0
2853,3746575,RANGING_REQ,-150,LISTENING,0
2854,3747266,RANGING_REQ,-150,LISTENING,0
2855,3747951,RANGING_REQ,-150,LISTENING,0
2856,3748637,RANGING_REQ,-150,LISTENING,0
2857,3749322,RANGING_REQ,-150,LISTENING,0
2858,3750007,RANGING_REQ,-150,LISTENING,0
2859,3750693,RANGING_REQ,-150,LISTENING,0
2860,3751378,RANGING_REQ,-150,LISTENING,0
2861,3752063,RANGING_REQ,-150,LISTENING,0
2862,3752749,RANGING_REQ,-150,LISTENING,0
2863,3753434,RANGING_REQ,-150,LISTENING,0
2864,3754125,RANGING_REQ,-150,LISTENING,0
2865,3754810,RANGING_REQ,-150,LISTENING,0
2866,3755495,RANGING_REQ,-150,LISTENING,0
2867,3756181,RANGING_REQ,-150,LISTENING,0
2868,3756866,RANGING_REQ,-150,LISTENING,0
2869,3757551,RANGING_REQ,-150,LISTENING,0
2870,3758237,RANGING_REQ,-150,LISTENING,0
2871,3758922,RANGING_REQ,-150,LISTENING,0
2872,3759608,RANGING_REQ,-150,LISTENING,0
2873,3760293,RANGING_REQ,-150,LISTENING,0
2874,3760983,RANGING_REQ,-150,LISTENING,0
2875,3761669,RANGING_REQ,-150,LISTENING,0
2876,3762354,RANGING_REQ,-150,LISTENING,0
2877,3763040,RANGING_REQ,-150,LISTENING,0
2878,3763725,RANGING_REQ,-150,LISTENING,0
2879,3764410,RANGING_REQ,-150,LISTENING,0
2880,3765096,RANGING_REQ,-150,LISTENING,0
2881,3765781,RANGING_REQ,-150,LISTENING,0
2882,3766466,RANGING_REQ,-150,LISTENING,0
2883,3767152,RANGING_REQ,-150,LISTENING,0
2884,3767843,RANGING_REQ,-150,LISTENING,0
2885,3768528,RANGING_REQ,-150,LISTENING,0
2886,3769213,RANGING_REQ,-150,LISTENING,0
2887,3769899,RANGING_REQ,-150,LISTENING,0
2888,3770584,RANGING_REQ,-150,LISTENING,0
2889,3771269,RANGING_REQ,-150,LISTENING,0
2890,3771955,RANGING_REQ,-150,LISTENING,0
2891,3772640,RANGING_REQ,-150,LISTENING,0
2892,3773325,RANGING_REQ,-150,LISTENING,0
2893,3774011,RANGING_REQ,-150,LISTENING,0
2894,3774702,RANGING_REQ,-150,LISTENING,0
2895,3775387,RANGING_REQ,-150,LISTENING,0
2896,3776072,RANGING_REQ,-150,LISTENING,0
2897,3776758,RANGING_REQ,-150,LISTENING,0
2898,3777443,RANGING_REQ,-150,LISTENING,0
2899,3778128,RANGING_REQ,-150,LISTENING,0
2900,3778814,RANGING_REQ,-150,LISTENING,0
2901,3779499,RANGING_REQ,-150,LISTENING,0
2902,3780184,RANGING_REQ,-150,LISTENING,0
2903,3780869,RANGING_REQ,-150,LISTENING,0
2904,3781560,RANGING_REQ,-150,LISTENING,0
2905,3782246,RANGING_REQ,-150,LISTENING,0
2906,3782931,RANGING_REQ,-150,LISTENING,0
2907,3783616,RANGING_REQ,-150,LISTENING,0
2908,3784302,RANGING_REQ,-150,LISTENING,0
2909,3784987,RANGING_REQ,-150,LISTENING,0
2910,3785672,RANGING_REQ,-150,LISTENING,0
2911,3786358,RANGING_REQ,-150,LISTENING,0
2912,3787043,RANGING_REQ,-150,LISTENING,0
2913,3787728,RANGING_REQ,-150,LISTENING,0
2914,3788419,RANGING_REQ,-150,LISTENING,0
2915,3789105,RANGING_REQ,-150,LISTENING,0
2916,3789790,RANGING_REQ,-150,LISTENING,0
2917,3790475,RANGING_REQ,-150,LISTENING,0
2918,3791161,RANGING_REQ,-150,LISTENING,0
2919,3791846,RANGING_REQ,-150,LISTENING,0
2920,3792531,RANGING_REQ,-150,LISTENING,0
2921,3793217,RANGING_REQ,-150,LISTENING,0
2922,3793902,RANGING_REQ,-150,LISTENING,0
2923,3794587,RANGING_REQ,-150,LISTENING,0
2924,3795278,RANGING_REQ,-150,LISTENING,0
2925,3795963,RANGING_REQ,-150,LISTENING,0
2926,3796649,RANGING_REQ,-150,LISTENING,0
2927,3797334,RANGING_REQ,-150,LISTENING,0
2928,3798020,RANGING_REQ,-150,LISTENING,0
2929,3798705,RANGING_REQ,-150,LISTENING,0
2930,3799391,RANGING_REQ,-150,LISTENING,0
2931,3800076,RANGING_REQ,-150,LISTENING,0
2932,3800761,RANGING_REQ,-150,LISTENING,0
2933,3801447,RANGING_REQ,-150,LISTENING,0
2934,3802137,RANGING_REQ,-150,LISTENING,0
2935,3802823,RANGING_REQ,-150,LISTENING,0
2936,3803508,RANGING_REQ,-150,LISTENING,0
2937,3804194,RANGING_REQ,-150,LISTENING,0
2938,3804879,RANGING_REQ,-150,LISTENING,0
2939,3805565,RANGING_REQ,-150,LISTENING,0
2940,3806250,RANGING_REQ,-150,LISTENING,0
2941,3806935,RANGING_REQ,-150,LISTENING,0
2942,3807621,RANGING_REQ,-150,LISTENING,0
2943,3808306,RANGING_REQ,-150,LISTENING,0
2944,3808997,RANGING_REQ,-150,LISTENING,0
2945,3809683,RANGING_REQ,-150,LISTENING,0
2946,3810368,RANGING_REQ,-150,LISTENING,0
2947,3811054,RANGING_REQ,-150,LISTENING,0
2948,3811740,RANGING_REQ,-150,LISTENING,0
2949,3812426,RANGING_REQ,-150,LISTENING,0
2950,3813111,RANGING_REQ,-150,LISTENING,0
2951,3813797,RANGING_REQ,-150,LISTENING,0
2952,3814482,RANGING_REQ,-150,LISTENING,0
2953,3815168,RANGING_REQ,-150,LISTENING,0
2954,3815859,RANGING_REQ,-150,LISTENING,0
2955,3816544,RANGING_REQ,-150,LISTENING,0
2956,3817230,RANGING_REQ,-150,LISTENING,0
2957,3817915,RANGING_REQ,-150,LISTENING,0
2958,3818601,RANGING_REQ,-150,LISTENING,0
2959,3819287,RANGING_REQ,-150,LISTENING,0
2960,3819972,RANGING_REQ,-150,LISTENING,0
2961,3820658,RANGING_REQ,-150,LISTENING,0
2962,3821343,RANGING_REQ,-150,LISTENING,0
2963,3822029,RANGING_REQ,-150,LISTENING,0
2964,3822720,RANGING_REQ,-150,LISTENING,0
2965,3823405,RANGING_REQ,-150,LISTENING,0
2966,3824091,RANGING_REQ,-150,LISTENING,0
2967,3824777,RANGING_REQ,-150,LISTENING,0
2968,3825463,RANGING_REQ,-150,LISTENING,0
2969,3826150,RANGING_REQ,-150,LISTENING,0
2970,3826836,RANGING_REQ,-150,LISTENING,0
2971,3827521,RANGING_REQ,-150,LISTENING,0
2972,3828207,RANGING_REQ,-150,LISTENING,0
2973,3828893,RANGING_REQ,-150,LISTENING,0
2974,3829585,RANGING_REQ,-150,LISTENING,0
2975,3830271,RANGING_REQ,-150,LISTENING,0
2976,3830957,RANGING_REQ,-150,LISTENING,0
2977,3831643,RANGING_REQ,-150,LISTENING,0
2978,3832328,RANGING_REQ,-150,LISTENING,0
2979,3833014,RANGING_REQ,-150,LISTENING,0
2980,3833700,RANGING_REQ,-150,LISTENING,0
2981,3834386,RANGING_REQ,-150,LISTENING,0
2982,3835071,RANGING_REQ,-150,LISTENING,0
2983,3835757,RANGING_REQ,-150,LISTENING,0
2984,3836448,RANGING_REQ,-150,LISTENING,0
2985,3837134,RANGING_REQ,-150,LISTENING,0
2986,3837820,RANGING_REQ,-150,LISTENING,0
2987,3838506,RANGING_REQ,-150,LISTENING,0
2988,3839192,RANGING_REQ,-150,LISTENING,0
2989,3839879,RANGING_REQ,-150,LISTENING,0
2990,3840565,RANGING_REQ,-150,LISTENING,0
2991,3841251,RANGING_REQ,-150,LISTENING,0
2992,3841937,RANGING_REQ,-150,LISTENING,0
2993,3842623,RANGING_REQ,-150,LISTENING,0
2994,3843315,RANGING_REQ,-150,LISTENING,0
2995,3844001,RANGING_REQ,-150,LISTENING,0
2996,3844687,RANGING_REQ,-150,LISTENING,0
2997,3845374,RANGING_REQ,-150,LISTENING,0
2998,3846060,RANGING_REQ,-150,LISTENING,0
2999,3846746,RANGING_REQ,-150,LISTENING,0
3000,3847432,RANGING_REQ,-150,LISTENING,0
3001,3848118,RANGING_REQ,-150,LISTENING,0
3002,3848805,RANGING_REQ,-150,LISTENING,0
3003,3849491,RANGING_REQ,-150,LISTENING,0
3004,3850182,RANGING_REQ,-150,LISTENING,0
3005,3850869,RANGING_REQ,-150,LISTENING,0
3006,3851555,RANGING_REQ,-150,LISTENING,0
3007,3852241,RANGING_REQ,-150,LISTENING,0
3008,3852927,RANGING_REQ,-150,LISTENING,0
3009,3853613,RANGING_REQ,-150,LISTENING,0
3010,3854300,RANGING_REQ,-150,LISTENING,0
3011,3854986,RANGING_REQ,-150,LISTENING,0
3012,3855672,RANGING_REQ,-150,LISTENING,0
3013,3856358,RANGING_REQ,-150,LISTENING,0
3014,3857048,RANGING_REQ,-150,LISTENING,0
3015,3857734,RANGING_REQ,-150,LISTENING,0
3016,3858420,RANGING_REQ,-150,LISTENING,0
3017,3859106,RANGING_REQ,-150,LISTENING,0
3018,3859792,RANGING_REQ,-150,LISTENING,0
3019,3860478,RANGING_REQ,-150,LISTENING,0
3020,3861165,RANGING_REQ,-150,LISTENING,0
3021,3861851,RANGING_REQ,-150,LISTENING,0
3022,3862537,RANGING_REQ,-150,LISTENING,0
3023,3863222,RANGING_REQ,-150,LISTENING,0
3024,3863913,RANGING_REQ,-150,LISTENING,0
3025,3864600,RANGING_REQ,-150,LISTENING,0
3026,3865286,RANGING_REQ,-150,LISTENING,0
3027,3865972,RANGING_REQ,-150,LISTENING,0
3028,3866658,RANGING_REQ,-150,LISTENING,0
3029,3867345,RANGING_REQ,-150,LISTENING,0
3030,3868031,RANGING_REQ,-150,LISTENING,0
3031,3868717,RANGING_REQ,-150,LISTENING,0
3032,3869403,RANGING_REQ,-150,LISTENING,0
3033,3870090,RANGING_REQ,-150,LISTENING,0
3034,3870781,RANGING_REQ,-150,LISTENING,0
3035,3871467,RANGING_REQ,-150,LISTENING,0
3036,3872153,RANGING_REQ,-150,LISTENING,0
3037,3872839,RANGING_REQ,-150,LISTENING,0
3038,3873526,RANGING_REQ,-150,LISTENING,0
3039,3874212,RANGING_REQ,-150,LISTENING,0
3040,3874899,RANGING_REQ,-150,LISTENING,0
3041,3875585,RANGING_REQ,-150,LISTENING,0
3042,3876272,RANGING_REQ,-150,LISTENING,0
3043,3876958,RANGING_REQ,-150,LISTENING,0
3044,3877650,RANGING_REQ,-150,LISTENING,0
3045,3878336,RANGING_REQ,-150,LISTENING,0
3046,3879022,RANGING_REQ,-150,LISTENING,0
3047,3879709,RANGING_REQ,-150,LISTENING,0
3048,3880395,RANGING_REQ,-150,LISTENING,0
3049,3881082,RANGING_REQ,-150,LISTENING,0
3050,3881769,RANGING_REQ,-150,LISTENING,0
3051,3882455,RANGING_REQ,-150,LISTENING,0
3052,3883142,RANGING_REQ,-150,LISTENING,0
3053,3883829,RANGING_REQ,-150,LISTENING,0
3054,3884521,RANGING_REQ,-150,LISTENING,0
3055,3885208,RANGING_REQ,-150,LISTENING,0
3056,3885894,RANGING_REQ,-150,LISTENING,0
3057,3886581,RANGING_REQ,-150,LISTENING,0
3058,3887268,RANGING_REQ,-150,LISTENING,0
3059,3887954,RANGING_REQ,-150,LISTENING,0
3060,3888641,RANGING_REQ,-150,LISTENING,0
3061,3889328,RANGING_REQ,-150,LISTENING,0
3062,3890015,RANGING_REQ,-150,LISTENING,0
3063,3890701,RANGING_REQ,-150,LISTENING,0
3064,3891394,RANGING_REQ,-150,LISTENING,0
3065,3892080,RANGING_REQ,-150,LISTENING,0
3066,3892767,RANGING_REQ,-150,LISTENING,0
3067,3893454,RANGING_REQ,-150,LISTENING,0
3068,3894140,RANGING_REQ,-150,LISTENING,0
3069,3894827,RANGING_REQ,-150,LISTENING,0
3070,3895514,RANGING_REQ,-150,LISTENING,0
3071,3896201,RANGING_REQ,-150,LISTENING,0
3072,3896887,RANGING_REQ,-150,LISTENING,0
3073,3897574,RANGING_REQ,-150,LISTENING,0
3074,3898266,RANGING_REQ,-150,LISTENING,0
3075,3898953,RANGING_REQ,-150,LISTENING,0
3076,3899639,RANGING_REQ,-150,LISTENING,0
3077,3900326,RANGING_REQ,-150,LISTENING,0
3078,3901013,RANGING_REQ,-150,LISTENING,0
3079,3901700,RANGING_REQ,-150,LISTENING,0
3080,3902386,RANGING_REQ,-150,LISTENING,0
3081,3903073,RANGING_REQ,-150,LISTENING,0
3082,3903760,RANGING_REQ,-150,LISTENING,0
3083,3904447,RANGING_REQ,-150,LISTENING,0
3084,3905139,RANGING_REQ,-150,LISTENING,0
3085,3905825,RANGING_REQ,-150,LISTENING,0
3086,3906512,RANGING_REQ,-150,LISTENING,0
3087,3907199,RANGING_REQ,-150,LISTENING,0
3088,3907886,RANGING_REQ,-150,LISTENING,0
3089,3908572,RANGING_REQ,-150,LISTENING,0
3090,3909259,RANGING_REQ,-150,LISTENING,0
3091,3909946,RANGING_REQ,-150,LISTENING,0
3092,3910633,RANGING_REQ,-150,LISTENING,0
3093,3911319,RANGING_REQ,-150,LISTENING,0
3094,3912011,RANGING_REQ,-150,LISTENING,0
3095,3912698,RANGING_REQ,-150,LISTENING,0
3096,3913385,RANGING_REQ,-150,LISTENING,0
3097,3914071,RANGING_REQ,-150,LISTENING,0
3098,3914758,RANGING_REQ,-150,LISTENING,0
3099,3915445,RANGING_REQ,-150,LISTENING,0
3100,3916132,RANGING_REQ,-150,LISTENING,0
3101,3916818,RANGING_REQ,-150,LISTENING,0
3102,3917505,RANGING_REQ,-150,LISTENING,0
3103,3918192,RANGING_REQ,-150,LISTENING,0
3104,3918884,RANGING_REQ,-150,LISTENING,0
3105,3919571,RANGING_REQ,-150,LISTENING,0
3106,3920258,RANGING_REQ,-150,LISTENING,0
3107,3920945,RANGING_REQ,-150,LISTENING,0
3108,3921631,RANGING_REQ,-150,LISTENING,0
3109,3922318,RANGING_REQ,-150,LISTENING,0
3110,3923005,RANGING_REQ,-150,LISTENING,0
3111,3923692,RANGING_REQ,-150,LISTENING,0
3112,3924378,RANGING_REQ,-150,LISTENING,0
3113,3925065,RANGING_REQ,-150,LISTENING,0
3114,3925757,RANGING_REQ,-150,LISTENING,0
3115,3926444,RANGING_REQ,-150,LISTENING,0
3116,3927130,RANGING_REQ,-150,LISTENING,0
3117,3927817,RANGING_REQ,-150,LISTENING,0
3118,3928504,RANGING_REQ,-150,LISTENING,0
3119,3929191,RANGING_REQ,-150,LISTENING,0
3120,3929877,RANGING_REQ,-150,LISTENING,0
3121,3930564,RANGING_REQ,-150,LISTENING,0
3122,3931251,RANGING_REQ,-150,LISTENING,0
3123,3931937,RANGING_REQ,-150,LISTENING,0
3124,3932629,RANGING_REQ,-150,LISTENING,0
3125,3933316,RANGING_REQ,-150,LISTENING,0
3126,3934002,RANGING_REQ,-150,LISTENING,0
3127,3934689,RANGING_REQ,-150,LISTENING,0
3128,3935376,RANGING_REQ,-150,LISTENING,0
3129,3936062,RANGING_REQ,-150,LISTENING,0
3130,3936749,RANGING_REQ,-150,LISTENING,0
3131,3937436,RANGING_REQ,-150,LISTENING,0
3132,3938122,RANGING_REQ,-150,LISTENING,0
3133,3938809,RANGING_REQ,-150,LISTENING,0
3134,3939501,RANGING_REQ,-150,LISTENING,0
3135,3940188,RANGING_REQ,-150,LISTENING,0
3136,3940874,RANGING_REQ,-150,LISTENING,0
3137,3941561,RANGING_REQ,-150,LISTENING,0
3138,3942248,RANGING_REQ,-150,LISTENING,0
3139,3942935,RANGING_REQ,-150,LISTENING,0
3140,3943621,RANGING_REQ,-150,LISTENING,0
3141,3944308,RANGING_REQ,-150,LISTENING,0
3142,3944995,RANGING_REQ,-150,LISTENING,0
3143,3945681,RANGING_REQ,-150,LISTENING,0
3144,3946374,RANGING_REQ,-150,LISTENING,0
3145,3947061,RANGING_REQ,-150,LISTENING,0
3146,3947747,RANGING_REQ,-150,LISTENING,0
3147,3948434,RANGING_REQ,-150,LISTENING,0
3148,3949121,RANGING_REQ,-150,LISTENING,0
3149,3949808,RANGING_REQ,-150,LISTENING,0
3150,3950494,RANGING_REQ,-150,LISTENING,0
3151,3951181,RANGING_REQ,-150,LISTENING,0
3152,3951868,RANGING_REQ,-150,LISTENING,0
3153,3952555,RANGING_REQ,-150,LISTENING,0
3154,3953247,RANGING_REQ,-150,LISTENING,0
3155,3953933,RANGING_REQ,-150,LISTENING,0
3156,3954620,RANGING_REQ,-150,LISTENING,0
3157,3955306,RANGING_REQ,-150,LISTENING,0
3158,3955993,RANGING_REQ,-150,LISTENING,0
3159,3956680,RANGING_REQ,-150,LISTENING,0
3160,3957366,RANGING_REQ,-150,LISTENING,0
3161,3958052,RANGING_REQ,-150,LISTENING,0
3162,3958739,RANGING_REQ,-150,LISTENING,0
3163,3959426,RANGING_REQ,-150,LISTENING,0
3164,3960117,RANGING_REQ,-150,LISTENING,0
3165,3960804,RANGING_REQ,-150,LISTENING,0
3166,3961491,RANGING_REQ,-150,LISTENING,0
3167,3962178,RANGING_REQ,-150,LISTENING,0
3168,3962864,RANGING_REQ,-150,LISTENING,0
3169,3963551,RANGING_REQ,-150,LISTENING,0
3170,3964238,RANGING_REQ,-150,LISTENING,0
3171,3964924,RANGING_REQ,-150,LISTENING,0
3172,3965611,RANGING_REQ,-150,LISTENING,0
3173,3966297,RANGING_REQ,-150,LISTENING,0
3174,3966989,RANGING_REQ,-150,LISTENING,0
3175,3967676,RANGING_REQ,-150,LISTENING,0
3176,3968363,RANGING_REQ,-150,LISTENING,0
3177,3969049,RANGING_REQ,-150,LISTENING,0
3178,3969736,RANGING_REQ,-150,LISTENING,0
3179,3970423,RANGING_REQ,-150,LISTENING,0
3180,3971109,RANGING_REQ,-150,LISTENING,0
3181,3971796,RANGING_REQ,-150,LISTENING,0
3182,3972483,RANGING_REQ,-150,LISTENING,0
3183,3973170,RANGING_REQ,-150,LISTENING,0
3184,3973861,RANGING_REQ,-150,LISTENING,0
3185,3974548,RANGING_REQ,-150,LISTENING,0
3186,3975234,RANGING_REQ,-150,LISTENING,0
3187,3975921,RANGING_REQ,-150,LISTENING,0
3188,3976608,RANGING_REQ,-150,LISTENING,0
3189,3977294,RANGING_REQ,-150,LISTENING,0
3190,3977980,RANGING_REQ,-150,LISTENING,0
3191,3978667,RANGING_REQ,-150,LISTENING,0
3192,3979353,RANGING_REQ,-150,LISTENING,0
